,name,pdf
0,,
1,AC - Agora Constitucional,http://lib.ohchr.org/HRBodies/UPR/Documents/session12/VE/AC-AgoraConstitucional-spa.pdf
2,ACC - Asociación Clara Campoamor,http://lib.ohchr.org/HRBodies/UPR/Documents/session12/VE/ACC-AsociaciónClaraCampoamor-spa.pdf
3,AC-AgoraConstitucional-spa.pdf,http://lib.ohchr.org/HRBodies/UPR/Documents/session12/VE/ACCESO-AccesoJusticia-spa.pdf
4,AC-AgoraConstitucional-spa.pdf,http://lib.ohchr.org/HRBodies/UPR/Documents/session12/VE/ACCR-AsociaciónColectivoColombianosRefugiados-spa.pdf
5,AC-AgoraConstitucional-spa.pdf,http://lib.ohchr.org/HRBodies/UPR/Documents/session12/VE/ACD11-AsociaciónComunitariaDistrito11-spa.pdf
6,AC-AgoraConstitucional-spa.pdf,http://lib.ohchr.org/HRBodies/UPR/Documents/session12/VE/ACMOR-AsociaciónComitéMonseñorOscarRomero-spa.pdf
7,AC-AgoraConstitucional-spa.pdf,http://lib.ohchr.org/HRBodies/UPR/Documents/session12/VE/ACNU-AsociaciónCubanaNacionesUnidas-spa.pdf
8,ACOTAR - Asociación Confeccionistas Tarija,http://lib.ohchr.org/HRBodies/UPR/Documents/session12/VE/ACOTAR-AsociaciónConfeccionistasTarija-spa.pdf
9,ADD - Llallagua - Asamblea Deporte,http://lib.ohchr.org/HRBodies/UPR/Documents/session12/VE/ADD-Llallagua-AsambleaDeporte-spa.pdf
10,ADECO - Asociación Desarrollo Comunitario,http://lib.ohchr.org/HRBodies/UPR/Documents/session12/VE/ADECO-AsociaciónDesarrolloComunitario-spa.pdf
11,AE - Plan 3 Mil - Asociación Enfermeras Plan Tres Mil,http://lib.ohchr.org/HRBodies/UPR/Documents/session12/VE/AE-Plan3Mil-AsociaciónEnfermerasPlanTresMil-spa.pdf
12,AEB - Asociación Estudios Bolivarianos,http://lib.ohchr.org/HRBodies/UPR/Documents/session12/VE/AEB-AsociaciónEstudiosBolivarianos-spa.pdf
13,AEQUITAS,http://lib.ohchr.org/HRBodies/UPR/Documents/session12/VE/AEQUITAS-spa.pdf
14,AFEP - Agrupación Familiares Ejecutados Políticos,http://lib.ohchr.org/HRBodies/UPR/Documents/session12/VE/AFEP-AgrupaciónFamiliaresEjecutadosPolíticos-spa.pdf
15,AG - Villa Hayes - Asociación Gancheros,http://lib.ohchr.org/HRBodies/UPR/Documents/session12/VE/AG-VillaHayes-AsociaciónGancheros-spa.pdf
16,Aguaclara - Fundación Aguaclara,http://lib.ohchr.org/HRBodies/UPR/Documents/session12/VE/Aguaclara-FundaciónAguaclara-spa.pdf
17,AI - Amnesty International,http://lib.ohchr.org/HRBodies/UPR/Documents/session12/VE/AI-AmnestyInternational-eng.pdf
18,AIR - Solidaridad - Asociación Internacional Refugiados,http://lib.ohchr.org/HRBodies/UPR/Documents/session12/VE/AIR-Solidaridad-AsociaciónInternacionalRefugiados-spa.pdf
19,AMAS - Club Madres AMAS,http://lib.ohchr.org/HRBodies/UPR/Documents/session12/VE/AMAS-ClubMadresAMAS-spa.pdf
20,Amigos de la Cultura - Fundación Amigos Cultura,http://lib.ohchr.org/HRBodies/UPR/Documents/session12/VE/Amigos%20de%20la%20Cultura-FundaciónAmigosCultura-spa.pdf
21,AMMS - Asociación Mixto Micro Snacks,http://lib.ohchr.org/HRBodies/UPR/Documents/session12/VE/AMMS-AsociaciónMixtoMicroSnacks-spa.pdf
22,AMPARAMPI - Asociación Mujeres Artesanas,http://lib.ohchr.org/HRBodies/UPR/Documents/session12/VE/AMPARAMPI-AsociaciónMujeresArtesanas-spa.pdf
23,AMSXXI - Asociación Mutual Siglo XXI,http://lib.ohchr.org/HRBodies/UPR/Documents/session12/VE/AMSXXI-AsociaciónMutualSigloXXI-spa.pdf
24,ANAMURI - Asociación Nacional Mujeres Rurales Indígenas,http://lib.ohchr.org/HRBodies/UPR/Documents/session12/VE/ANAMURI-AsociaciónNacionalMujeresRuralesIndígenas-spa.pdf
25,ANAUCO -Alianza Nacional Usuarios Consumidores,http://lib.ohchr.org/HRBodies/UPR/Documents/session12/VE/ANAUCO-AlianzaNacionalUsuariosConsumidores-spa.pdf
26,ANEC - Asociación Nacional Economistas Contadores Cuba,http://lib.ohchr.org/HRBodies/UPR/Documents/session12/VE/ANEC-AsociaciónNacionalEconomistasContadoresCuba-spa.pdf
27,ANROS - Asociación Nacional Redes Organizaciones Sociales,http://lib.ohchr.org/HRBodies/UPR/Documents/session12/VE/ANROS-AsociaciónNacionalRedesOrganizacionesSociales-spa.pdf
28,AP - Amantes Parranda,http://lib.ohchr.org/HRBodies/UPR/Documents/session12/VE/AP-AmantesParranda-spa.pdf
29,APDHLP - Asamblea Permanente Derechos Humanos La Paz,http://lib.ohchr.org/HRBodies/UPR/Documents/session12/VE/%20%20%3CTD%20height=13%3E
30,APGCC - Asociacón Profesionales Graduados Cuba,http://lib.ohchr.org/HRBodies/UPR/Documents/session12/VE/APGCC-AsociacónProfesionalesGraduadosCuba-spa.pdf
31,APIMNE - Asociación Productores Integrales Nueva Esperanza,http://lib.ohchr.org/HRBodies/UPR/Documents/session12/VE/APIMNE-AsociaciónProductoresIntegralesNuevaEsperanza-spa.pdf
32,APV - Asociación Vida,http://lib.ohchr.org/HRBodies/UPR/Documents/session12/VE/APV-AsociaciónVida-spa.pdf
33,ARAPOTY,http://lib.ohchr.org/HRBodies/UPR/Documents/session12/VE/ARAPOTY-spa.pdf
34,ARMRLL - Rentistas Mineros Regional Llallagua,http://lib.ohchr.org/HRBodies/UPR/Documents/session12/VE/ARMRLL-RentistasMinerosRegionalLlallagua-spa.pdf
35,ASKAPENA - Organización Internacionalista Vasca,http://lib.ohchr.org/HRBodies/UPR/Documents/session12/VE/ASKAPENA-OrganizaciónInternacionalistaVasca-spa.pdf
36,Base de Paz,http://lib.ohchr.org/HRBodies/UPR/Documents/session12/VE/Base%20de%20Paz-spa.pdf
37,BCB - Brigada Sipriano Barace,http://lib.ohchr.org/HRBodies/UPR/Documents/session12/VE/BCB-BrigadaSiprianoBarace-spa.pdf
38,BECKET - Fund - Becket Fund Religious Liberty,http://lib.ohchr.org/HRBodies/UPR/Documents/session12/VE/BECKET%20Fund-BecketFundReligiousLiberty-eng.pdf
39,BHS - Black Heritage Society,http://lib.ohchr.org/HRBodies/UPR/Documents/session12/VE/BHS-BlackHeritageSociety-eng.pdf
40,,
41,C.C. 8 de Febrero,http://lib.ohchr.org/HRBodies/UPR/Documents/session12/VE/C.C.%20%208%20de%20Febrero-spa.pdf
42,C.C. 1 de Mayo,http://lib.ohchr.org/HRBodies/UPR/Documents/session12/VE/C.C.%201%20de%20Mayo-spa.pdf
43,C.C. 12 de Octubre,http://lib.ohchr.org/HRBodies/UPR/Documents/session12/VE/C.C.%2012%20de%20Octubre-spa.pdf
44,C.C. 23 de Enero,http://lib.ohchr.org/HRBodies/UPR/Documents/session12/VE/C.C.%2023%20de%20Enero-spa.pdf
45,C.C. Admirable Garairepano,http://lib.ohchr.org/HRBodies/UPR/Documents/session12/VE/C.C.%20Admirable%20Garairepano-spa.pdf
46,C.C. Alta Vista Sur,http://lib.ohchr.org/HRBodies/UPR/Documents/session12/VE/C.C.%20Alta%20Vista%20Sur-spa.pdf
47,C.C. Andes Sur,http://lib.ohchr.org/HRBodies/UPR/Documents/session12/VE/C.C.%20Andes%20Sur-spa.pdf
48,C.C. Andrés Eloy Blanco 2,http://lib.ohchr.org/HRBodies/UPR/Documents/session12/VE/C.C.%20Andrés%20Eloy%20Blanco%202-spa.pdf
49,C.C. Araguata Revolucionaria,http://lib.ohchr.org/HRBodies/UPR/Documents/session12/VE/C.C.%20Araguata%20Revolucionaria-spa.pdf
50,C.C. Arturo Michelena I,http://lib.ohchr.org/HRBodies/UPR/Documents/session12/VE/C.C.%20Arturo%20Michelena%20I-spa.pdf
51,C.C. Bahía Honda,http://lib.ohchr.org/HRBodies/UPR/Documents/session12/VE/C.C.%20Bahía%20Honda-spa.pdf
52,C.C. Barrero Boquerón,http://lib.ohchr.org/HRBodies/UPR/Documents/session12/VE/C.C.%20Barrero%20Boquerón-spa.pdf
53,C.C. Barrio 17 de Junio,http://lib.ohchr.org/HRBodies/UPR/Documents/session12/VE/C.C.%20Barrio%2017%20de%20Junio-spa.pdf
54,C.C. Barrio Alianza,http://lib.ohchr.org/HRBodies/UPR/Documents/session12/VE/C.C.%20Barrio%20Alianza-spa.pdf
55,C.C. Barrio El Progreso,http://lib.ohchr.org/HRBodies/UPR/Documents/session12/VE/C.C.%20Barrio%20El%20Progreso-spa.pdf
56,C.C. Barrio Sucre Parte Alta,http://lib.ohchr.org/HRBodies/UPR/Documents/session12/VE/C.C.%20Barrio%20Sucre%20Parte%20Alta-spa.pdf
57,C.C. Barroso Arriba,http://lib.ohchr.org/HRBodies/UPR/Documents/session12/VE/C.C.%20Barroso%20Arriba-spa.pdf
58,C.C. Bethania 1,http://lib.ohchr.org/HRBodies/UPR/Documents/session12/VE/C.C.%20Bethania%201-spa.pdf
59,C.C. Bicentenario,http://lib.ohchr.org/HRBodies/UPR/Documents/session12/VE/C.C.%20Bicentenario-spa.pdf
60,C.C. Blanquita de Pérez,http://lib.ohchr.org/HRBodies/UPR/Documents/session12/VE/C.C.%20Blanquita%20de%20Pérez-spa.pdf
61,C.C. Bloque 3 La Castra,http://lib.ohchr.org/HRBodies/UPR/Documents/session12/VE/C.C.%20Bloque%203%20La%20Castra-spa.pdf
62,C.C. Bolívar es Libertad,http://lib.ohchr.org/HRBodies/UPR/Documents/session12/VE/C.C.%20Bolívar%20es%20Libertad-spa.pdf
63,C.C. Bolívar Guabina I,http://lib.ohchr.org/HRBodies/UPR/Documents/session12/VE/C.C.%20Bolívar%20Guabina%20I-spa.pdf
64,C.C. Bolívar Guabina I,http://lib.ohchr.org/HRBodies/UPR/Documents/session12/VE/C.C.%20Bolívar%20Guabina%20I-spa.pdf
65,C.C. Brisas de Altagracia,http://lib.ohchr.org/HRBodies/UPR/Documents/session12/VE/C.C.%20Brisas%20de%20Altagracia-spa.pdf
66,C.C. Brisas de Ayacucho,http://lib.ohchr.org/HRBodies/UPR/Documents/session12/VE/C.C.%20Brisas%20de%20Ayacucho-spa.pdf
67,C.C. Brisas del Terminal,http://lib.ohchr.org/HRBodies/UPR/Documents/session12/VE/C.C.%20Brisas%20del%20Terminal-spa.pdf
68,C.C. Buenos Aires Nueva Esparta,http://lib.ohchr.org/HRBodies/UPR/Documents/session12/VE/C.C.%20Buenos%20Aires%20Nueva%20Esparta-spa.pdf
69,C.C. Buenos Aires Yaracuy,http://lib.ohchr.org/HRBodies/UPR/Documents/session12/VE/C.C.%20Buenos%20Aires%20Yaracuy-spa.pdf
70,C.C. Cacique Mara II,http://lib.ohchr.org/HRBodies/UPR/Documents/session12/VE/C.C.%20Cacique%20Mara%20II-spa.pdf
71,C.C. Caja de Agua,http://lib.ohchr.org/HRBodies/UPR/Documents/session12/VE/C.C.%20Caja%20de%20Agua-spa.pdf
72,C.C. Calle El Centro del Milagro,http://lib.ohchr.org/HRBodies/UPR/Documents/session12/VE/C.C.%20Calle%20El%20Centro%20del%20Milagro-spa.pdf
73,C.C. Calle Principal El Milagro,http://lib.ohchr.org/HRBodies/UPR/Documents/session12/VE/C.C.%20Calle%20Principal%20El%20Milagro-spa.pdf
74,C.C. Cambalache 3-1,http://lib.ohchr.org/HRBodies/UPR/Documents/session12/VE/C.C.%20Cambalache%203-1-spa.pdf
75,C.C. Campeare,http://lib.ohchr.org/HRBodies/UPR/Documents/session12/VE/C.C.%20Campeare-spa.pdf
76,C.C. Campo Elías Unido,http://lib.ohchr.org/HRBodies/UPR/Documents/session12/VE/C.C.%20Campo%20Elías%20Unido-spa.pdf
77,C.C. Campo Mar,http://lib.ohchr.org/HRBodies/UPR/Documents/session12/VE/C.C.%20Campo%20Mar-spa.pdf
78,C.C. Campo Sural,http://lib.ohchr.org/HRBodies/UPR/Documents/session12/VE/C.C.%20Campo%20Sural-spa.pdf
79,C.C. Caracas 2,http://lib.ohchr.org/HRBodies/UPR/Documents/session12/VE/C.C.%20Caracas%202-spa.pdf
80,C.C. Casas Chinas,http://lib.ohchr.org/HRBodies/UPR/Documents/session12/VE/C.C.%20Casas%20Chinas-spa.pdf
81,C.C. Caño Grulla,http://lib.ohchr.org/HRBodies/UPR/Documents/session12/VE/C.C.%20Caño%20Grulla-spa.pdf
82,C.C. Centinela de la Popa,http://lib.ohchr.org/HRBodies/UPR/Documents/session12/VE/C.C.%20Centinela%20de%20la%20Popa-spa.pdf
83,C.C. Cerromar,http://lib.ohchr.org/HRBodies/UPR/Documents/session12/VE/C.C.%20Cerromar-spa.pdf
84,C.C. Chaparral Los Pinos,http://lib.ohchr.org/HRBodies/UPR/Documents/session12/VE/C.C.%20Chaparral%20Los%20Pinos-spa.pdf
85,C.C. Chávez Nosotros Sí Podemos,http://lib.ohchr.org/HRBodies/UPR/Documents/session12/VE/C.C.%20Chávez%20Nosotros%20Sí%20Podemos-spa.pdf
86,C.C. Claudio Gabino Uribe,http://lib.ohchr.org/HRBodies/UPR/Documents/session12/VE/C.C.%20Claudio%20Gabino%20Uribe-spa.pdf
87,C.C. Colinas de Guatiri,http://lib.ohchr.org/HRBodies/UPR/Documents/session12/VE/C.C.%20Colinas%20de%20Guatiri-spa.pdf
88,C.C. Colinas Tierra Blanca,http://lib.ohchr.org/HRBodies/UPR/Documents/session12/VE/C.C.%20Colinas%20Tierra%20Blanca-spa.pdf
89,C.C. Comunidad Laja Lisa,http://lib.ohchr.org/HRBodies/UPR/Documents/session12/VE/C.C.%20Comunidad%20Laja%20Lisa-spa.pdf
90,C.C. Conaima Sur,http://lib.ohchr.org/HRBodies/UPR/Documents/session12/VE/C.C.%20Conaima%20Sur-spa.pdf
91,C.C. Copey,http://lib.ohchr.org/HRBodies/UPR/Documents/session12/VE/C.C.%20Copey-spa.pdf
92,C.C. Costa de Paria,http://lib.ohchr.org/HRBodies/UPR/Documents/session12/VE/C.C.%20Costa%20de%20Paria-spa.pdf
93,C.C. Cottajiraawa,http://lib.ohchr.org/HRBodies/UPR/Documents/session12/VE/C.C.%20Cottajiraawa-spa.pdf
94,C.C. Cristóbal Colón,http://lib.ohchr.org/HRBodies/UPR/Documents/session12/VE/C.C.%20Cristóbal%20Colón-spa.pdf
95,C.C. Cruz de Mayo,http://lib.ohchr.org/HRBodies/UPR/Documents/session12/VE/C.C.%20Cruz%20de%20Mayo-spa.pdf
96,C.C. Cruz Revolucionaria,http://lib.ohchr.org/HRBodies/UPR/Documents/session12/VE/C.C.%20Cruz%20Revolucionaria-spa.pdf
97,C.C. Cruz Sur,http://lib.ohchr.org/HRBodies/UPR/Documents/session12/VE/C.C.%20Cruz%20Sur-spa.pdf
98,C.C. Cuji Negro,http://lib.ohchr.org/HRBodies/UPR/Documents/session12/VE/C.C.%20Cuji%20Negro-spa.pdf
99,C.C. Danto I,http://lib.ohchr.org/HRBodies/UPR/Documents/session12/VE/C.C.%20Danto%20I-spa.pdf
100,C.C. de la Comunidad de Kakuri,http://lib.ohchr.org/HRBodies/UPR/Documents/session12/VE/C.C.%20de%20la%20Comunidad%20de%20Kakuri-spa.pdf
101,C.C. de la Población Casco Central,http://lib.ohchr.org/HRBodies/UPR/Documents/session12/VE/C.C.%20de%20la%20Población%20Casco%20Central-spa.pdf
102,C.C. de Villa Rosa,http://lib.ohchr.org/HRBodies/UPR/Documents/session12/VE/C.C.%20de%20Villa%20Rosa-spa.pdf
103,C.C. del Sector I Cachunchú Viejo,http://lib.ohchr.org/HRBodies/UPR/Documents/session12/VE/C.C.%20del%20Sector%20I%20Cachunchú%20Viejo-spa.pdf
104,C.C. Delicia Vieja I,http://lib.ohchr.org/HRBodies/UPR/Documents/session12/VE/C.C.%20Delicia%20Vieja%20I-spa.pdf
105,C.C. Don Andrés Bello,http://lib.ohchr.org/HRBodies/UPR/Documents/session12/VE/C.C.%20Don%20Andrés%20Bello-spa.pdf
106,C.C. El 14,http://lib.ohchr.org/HRBodies/UPR/Documents/session12/VE/C.C.%20El%2014-spa.pdf
107,C.C. El Bravo Pueblo,http://lib.ohchr.org/HRBodies/UPR/Documents/session12/VE/C.C.%20El%20Bravo%20Pueblo-spa.pdf
108,C.C. El Cafetal,http://lib.ohchr.org/HRBodies/UPR/Documents/session12/VE/C.C.%20El%20Cafetal-spa.pdf
109,C.C. El Castaño,http://lib.ohchr.org/HRBodies/UPR/Documents/session12/VE/C.C.%20El%20Castaño-spa.pdf
110,C.C. El Cedro,http://lib.ohchr.org/HRBodies/UPR/Documents/session12/VE/C.C.%20El%20Cedro-spa.pdf
111,C.C. El Chorro,http://lib.ohchr.org/HRBodies/UPR/Documents/session12/VE/C.C.%20El%20Chorro-spa.pdf
112,C.C. El Collao,http://lib.ohchr.org/HRBodies/UPR/Documents/session12/VE/C.C.%20El%20Collao-spa.pdf
113,C.C. El Dátil,http://lib.ohchr.org/HRBodies/UPR/Documents/session12/VE/C.C.%20El%20Dátil-spa.pdf
114,C.C. El Gran Cacique del Hiranzo,http://lib.ohchr.org/HRBodies/UPR/Documents/session12/VE/C.C.%20El%20Gran%20Cacique%20del%20Hiranzo-spa.pdf
115,C.C. El Hatico,http://lib.ohchr.org/HRBodies/UPR/Documents/session12/VE/C.C.%20El%20Hatico-spa.pdf
116,C.C. El Hoscón,http://lib.ohchr.org/HRBodies/UPR/Documents/session12/VE/C.C.%20El%20Hoscón-spa.pdf
117,C.C. El Hueco,http://lib.ohchr.org/HRBodies/UPR/Documents/session12/VE/C.C.%20El%20Hueco-spa.pdf
118,C.C. El Manguillo Sector 4,http://lib.ohchr.org/HRBodies/UPR/Documents/session12/VE/C.C.%20El%20Manguillo%20Sector%204-spa.pdf
119,C.C. El Manguito 22 Hiranzo,http://lib.ohchr.org/HRBodies/UPR/Documents/session12/VE/C.C.%20El%20Manguito%2022%20Hiranzo-spa.pdf
120,C.C. El Menito,http://lib.ohchr.org/HRBodies/UPR/Documents/session12/VE/C.C.%20El%20Menito-spa.pdf
121,C.C. el Monco,http://lib.ohchr.org/HRBodies/UPR/Documents/session12/VE/C.C.%20el%20Monco-spa.pdf
122,C.C. El Nazareno,http://lib.ohchr.org/HRBodies/UPR/Documents/session12/VE/C.C.%20El%20Nazareno-spa.pdf
123,C.C. El Porvenir Bolivariano,http://lib.ohchr.org/HRBodies/UPR/Documents/session12/VE/C.C.%20El%20Porvenir%20Bolivariano-spa.pdf
124,C.C. El Remolino,http://lib.ohchr.org/HRBodies/UPR/Documents/session12/VE/C.C.%20El%20Remolino-spa.pdf
125,C.C. El Renacer,http://lib.ohchr.org/HRBodies/UPR/Documents/session12/VE/C.C.%20El%20Renacer-spa.pdf
126,C.C. El Troncón Agua Nueva,http://lib.ohchr.org/HRBodies/UPR/Documents/session12/VE/C.C.%20El%20Troncón%20Agua%20Nueva-spa.pdf
127,C.C. El Vegón,http://lib.ohchr.org/HRBodies/UPR/Documents/session12/VE/C.C.%20El%20Vegón-spa.pdf
128,C.C. Emprendedores Calle 1,http://lib.ohchr.org/HRBodies/UPR/Documents/session12/VE/C.C.%20Emprendedores%20Calle%201-spa.pdf
129,C.C. En la Unión está la Fuerza,http://lib.ohchr.org/HRBodies/UPR/Documents/session12/VE/C.C.%20En%20la%20Unión%20está%20la%20Fuerza-spa.pdf
130,C.C. ES.NI.VA,http://lib.ohchr.org/HRBodies/UPR/Documents/session12/VE/C.C.%20ES.NI.VA-spa.pdf
131,C.C. Esfuerzo Comunitario,http://lib.ohchr.org/HRBodies/UPR/Documents/session12/VE/C.C.%20Esfuerzo%20Comunitario-spa.pdf
132,C.C. Esfuerzo de Carrizales,http://lib.ohchr.org/HRBodies/UPR/Documents/session12/VE/C.C.%20Esfuerzo%20de%20Carrizales-spa.pdf
133,C.C. Ezequiel Zamora,http://lib.ohchr.org/HRBodies/UPR/Documents/session12/VE/C.C.%20Ezequiel%20Zamora-spa.pdf
134,C.C. Federación I Bolivariano,http://lib.ohchr.org/HRBodies/UPR/Documents/session12/VE/C.C.%20Federación%20I%20Bolivariano-spa.pdf
135,C.C. Florencio Hernández,http://lib.ohchr.org/HRBodies/UPR/Documents/session12/VE/C.C.%20Florencio%20Hernández-spa.pdf
136,C.C. Francisco de Miranda,http://lib.ohchr.org/HRBodies/UPR/Documents/session12/VE/C.C.%20Francisco%20de%20Miranda-spa.pdf
137,C.C. Garbiras Centro Batallón Socialista,http://lib.ohchr.org/HRBodies/UPR/Documents/session12/VE/C.C.%20Garbiras%20Centro%20Batallón%20Socialista-spa.pdf
138,C.C. Garbiras-Centros,http://lib.ohchr.org/HRBodies/UPR/Documents/session12/VE/C.C.%20Garbiras-Centros-spa.pdf
139,C.C. Guaica José María Vargas,http://lib.ohchr.org/HRBodies/UPR/Documents/session12/VE/C.C.%20Guaica%20José%20María%20Vargas-spa.pdf
140,C.C. Guaimaral,http://lib.ohchr.org/HRBodies/UPR/Documents/session12/VE/C.C.%20Guaimaral-spa.pdf
141,C.C. Guajira Chispero,http://lib.ohchr.org/HRBodies/UPR/Documents/session12/VE/C.C.%20Guajira%20Chispero-spa.pdf
142,C.C. Guaranache I,http://lib.ohchr.org/HRBodies/UPR/Documents/session12/VE/C.C.%20Guaranache%20I-spa.pdf
143,C.C. Guasina,http://lib.ohchr.org/HRBodies/UPR/Documents/session12/VE/C.C.%20Guasina-spa.pdf
144,C.C. Hato El Rincón,http://lib.ohchr.org/HRBodies/UPR/Documents/session12/VE/C.C.%20Hato%20El%20Rincón-spa.pdf
145,C.C. Helimena Fonseca,http://lib.ohchr.org/HRBodies/UPR/Documents/session12/VE/C.C.%20Helimena%20Fonseca-spa.pdf
146,C.C. Hugo Chávez Frías,http://lib.ohchr.org/HRBodies/UPR/Documents/session12/VE/C.C.%20Hugo%20Chávez%20Frías-spa.pdf
147,C.C. Humberto Celly 5.20,http://lib.ohchr.org/HRBodies/UPR/Documents/session12/VE/C.C.%20Humberto%20Celly%205.20-spa.pdf
148,C.C. Indígena Buenos Aires,http://lib.ohchr.org/HRBodies/UPR/Documents/session12/VE/C.C.%20Indígena%20Buenos%20Aires-spa.pdf
149,C.C. Indígena Tukuikunapa,http://lib.ohchr.org/HRBodies/UPR/Documents/session12/VE/C.C.%20Indígena%20Tukuikunapa-spa.pdf
150,C.C. Jasaleu,http://lib.ohchr.org/HRBodies/UPR/Documents/session12/VE/C.C.%20Jasaleu-spa.pdf
151,C.C. Jerusalén Zona Franca,http://lib.ohchr.org/HRBodies/UPR/Documents/session12/VE/C.C.%20Jerusalén%20Zona%20Franca-spa.pdf
152,C.C. Jerusalén,http://lib.ohchr.org/HRBodies/UPR/Documents/session12/VE/C.C.%20Jerusalén-spa.pdf
153,C.C. José Antonio Páez B,http://lib.ohchr.org/HRBodies/UPR/Documents/session12/VE/C.C.%20José%20Antonio%20Páez%20B-spa.pdf
154,C.C. José Antonio Páez Sector I,http://lib.ohchr.org/HRBodies/UPR/Documents/session12/VE/%3EC.C.%20José%20Antonio%20Páez%20Sector%20I-spa.pdf
155,C.C. José León Mijares I y II,http://lib.ohchr.org/HRBodies/UPR/Documents/session12/VE/C.C.%20José%20León%20Mijares%20I%20y%20II-spa.pdf
156,C.C. Jovito Villalba,http://lib.ohchr.org/HRBodies/UPR/Documents/session12/VE/C.C.%20Jovito%20Villalba-spa.pdf
157,C.C. La Aguada,http://lib.ohchr.org/HRBodies/UPR/Documents/session12/VE/C.C.%20La%20Aguada-spa.pdf
158,C.C. La Amistad,http://lib.ohchr.org/HRBodies/UPR/Documents/session12/VE/C.C.%20La%20Amistad-spa.pdf
159,C.C. La Barranca,http://lib.ohchr.org/HRBodies/UPR/Documents/session12/VE/C.C.%20La%20Barranca-spa.pdf
160,C.C. La Batalla 3 de Enero,http://lib.ohchr.org/HRBodies/UPR/Documents/session12/VE/C.C.%20La%20Batalla%203%20de%20Enero-spa.pdf
161,C.C. La Cadena de Caripito,http://lib.ohchr.org/HRBodies/UPR/Documents/session12/VE/C.C.%20La%20Cadena%20de%20Caripito-spa.pdf
162,C.C. La Candelaria II,http://lib.ohchr.org/HRBodies/UPR/Documents/session12/VE/C.C.%20La%20Candelaria%20II-spa.pdf
163,C.C. La Candelaria Santa Rita,http://lib.ohchr.org/HRBodies/UPR/Documents/session12/VE/C.C.%20La%20Candelaria%20Santa%20Rita-spa.pdf
164,C.C. La Coromoto,http://lib.ohchr.org/HRBodies/UPR/Documents/session12/VE/C.C.%20La%20Coromoto-spa.pdf
165,C.C. La Cuchilla,http://lib.ohchr.org/HRBodies/UPR/Documents/session12/VE/C.C.%20La%20Cuchilla-spa.pdf
166,C.C. La Estrella Naciente,http://lib.ohchr.org/HRBodies/UPR/Documents/session12/VE/C.C.%20La%20Estrella%20Naciente-spa.pdf
167,C.C. La Garita,http://lib.ohchr.org/HRBodies/UPR/Documents/session12/VE/C.C.%20La%20Garita-spa.pdf
168,C.C. La Gran Familia,http://lib.ohchr.org/HRBodies/UPR/Documents/session12/VE/C.C.%20La%20Gran%20Familia-spa.pdf
169,C.C. La Lagunita,http://lib.ohchr.org/HRBodies/UPR/Documents/session12/VE/C.C.%20La%20Lagunita-spa.pdf
170,C.C. La Llanada Sector 1,http://lib.ohchr.org/HRBodies/UPR/Documents/session12/VE/C.C.%20La%20Llanada%20Sector%201-spa.pdf
171,C.C. La Llanada Sector 2,http://lib.ohchr.org/HRBodies/UPR/Documents/session12/VE/C.C.%20La%20Llanada%20Sector%202-spa.pdf
172,C.C. La Morrocoya Chaparralito,http://lib.ohchr.org/HRBodies/UPR/Documents/session12/VE/C.C.%20La%20Morrocoya%20Chaparralito-spa.pdf
173,C.C. La Muchachera,http://lib.ohchr.org/HRBodies/UPR/Documents/session12/VE/C.C.%20La%20Muchachera-spa.pdf
174,C.C. La Nueva Bonanza,http://lib.ohchr.org/HRBodies/UPR/Documents/session12/VE/C.C.%20La%20Nueva%20Bonanza-spa.pdf
175,C.C. La Nueva Unión,http://lib.ohchr.org/HRBodies/UPR/Documents/session12/VE/C.C.%20La%20Nueva%20Unión-spa.pdf
176,C.C. La Otra Banda,http://lib.ohchr.org/HRBodies/UPR/Documents/session12/VE/C.C.%20La%20Otra%20Banda-spa.pdf
177,C.C. La Paz,http://lib.ohchr.org/HRBodies/UPR/Documents/session12/VE/C.C.%20La%20Paz-spa.pdf
178,C.C. La Planta,http://lib.ohchr.org/HRBodies/UPR/Documents/session12/VE/C.C.%20La%20Planta-spa.pdf
179,C.C. La Popular,http://lib.ohchr.org/HRBodies/UPR/Documents/session12/VE/C.C.%20La%20Popular-spa.pdf
180,C.C. La Pradera II,http://lib.ohchr.org/HRBodies/UPR/Documents/session12/VE/C.C.%20La%20Pradera%20II-spa.pdf
181,C.C. La Revolución Bonita,http://lib.ohchr.org/HRBodies/UPR/Documents/session12/VE/C.C.%20La%20Revolución%20Bonita-spa.pdf
182,C.C. La Rosa,http://lib.ohchr.org/HRBodies/UPR/Documents/session12/VE/C.C.%20La%20Rosa-spa.pdf
183,C.C. La Sierra,http://lib.ohchr.org/HRBodies/UPR/Documents/session12/VE/C.C.%20La%20Sierra-spa.pdf
184,C.C. La Tinta de San Marcos,http://lib.ohchr.org/HRBodies/UPR/Documents/session12/VE/C.C.%20La%20Tinta%20de%20San%20Marcos-spa.pdf
185,C.C. La Unión de Palo Negro,http://lib.ohchr.org/HRBodies/UPR/Documents/session12/VE/C.C.%20La%20Unión%20de%20Palo%20Negro-spa.pdf
186,C.C. Las Acacias 5B,http://lib.ohchr.org/HRBodies/UPR/Documents/session12/VE/C.C.%20Las%20Acacias%205B-spa.pdf
187,C.C. Las Acacias,http://lib.ohchr.org/HRBodies/UPR/Documents/session12/VE/C.C.%20Las%20Acacias-spa.pdf
188,C.C. Las Afueras Tocuyano,http://lib.ohchr.org/HRBodies/UPR/Documents/session12/VE/C.C.%20Las%20Afueras%20Tocuyano-spa.pdf
189,C.C. Las Casitas de Pampatar,http://lib.ohchr.org/HRBodies/UPR/Documents/session12/VE/C.C.%20Las%20Casitas%20de%20Pampatar-spa.pdf
190,C.C. Las Delicias Parte Alta,http://lib.ohchr.org/HRBodies/UPR/Documents/session12/VE/C.C.%20Las%20Delicias%20Parte%20Alta-spa.pdf
191,C.C. Las Huertas de Camoruco,http://lib.ohchr.org/HRBodies/UPR/Documents/session12/VE/C.C.%20Las%20Huertas%20de%20Camoruco-spa.pdf
192,C.C. Las Lomas,http://lib.ohchr.org/HRBodies/UPR/Documents/session12/VE/C.C.%20Las%20Lomas-spa.pdf
193,C.C. Las Marías I,http://lib.ohchr.org/HRBodies/UPR/Documents/session12/VE/C.C.%20Las%20Marías%20I-spa.pdf
194,C.C. Las Marías Municipio Trinidad,http://lib.ohchr.org/HRBodies/UPR/Documents/session12/VE/C.C.%20Las%20Marías%20Municipio%20Trinidad-spa.pdf
195,C.C. Las Nieves,http://lib.ohchr.org/HRBodies/UPR/Documents/session12/VE/C.C.%20Las%20Nieves-spa.pdf
196,C.C. Las Parcelas,http://lib.ohchr.org/HRBodies/UPR/Documents/session12/VE/C.C.%20Las%20Parcelas-spa.pdf
197,C.C. Limonal Morichal,http://lib.ohchr.org/HRBodies/UPR/Documents/session12/VE/C.C.%20Limonal%20Morichal-spa.pdf
198,C.C. Limpia Norte 2,http://lib.ohchr.org/HRBodies/UPR/Documents/session12/VE/C.C.%20Limpia%20Norte%202-spa.pdf
199,C.C. Loma de Guerra,http://lib.ohchr.org/HRBodies/UPR/Documents/session12/VE/C.C.%20Loma%20de%20Guerra-spa.pdf
200,C.C. Los Algarrobos Revolucionarios,http://lib.ohchr.org/HRBodies/UPR/Documents/session12/VE/C.C.%20Los%20Algarrobos%20Revolucionarios-spa.pdf
201,C.C. Los Chichies,http://lib.ohchr.org/HRBodies/UPR/Documents/session12/VE/C.C.%20Los%20Chichies-spa.pdf
202,C.C. Los Lirios,http://lib.ohchr.org/HRBodies/UPR/Documents/session12/VE/C.C.%20Los%20Lirios-spa.pdf
203,C.C. Los Próceres de Torbes,http://lib.ohchr.org/HRBodies/UPR/Documents/session12/VE/C.C.%20Los%20Próceres%20de%20Torbes-spa.pdf
204,C.C. Los Toros Sector II,http://lib.ohchr.org/HRBodies/UPR/Documents/session12/VE/C.C.%20Los%20Toros%20Sector%20II-spa.pdf
205,C.C. Luis Herrera Campins,http://lib.ohchr.org/HRBodies/UPR/Documents/session12/VE/C.C.%20Luis%20Herrera%20Campins-spa.pdf
206,C.C. Machiri Parte Alta,http://lib.ohchr.org/HRBodies/UPR/Documents/session12/VE/C.C.%20Machiri%20Parte%20Alta-spa.pdf
207,C.C. Maimire Miraflores,http://lib.ohchr.org/HRBodies/UPR/Documents/session12/VE/C.C.%20Maimire%20Miraflores-spa.pdf
208,C.C. Majayura Cacique Mara,http://lib.ohchr.org/HRBodies/UPR/Documents/session12/VE/C.C.%20Majayura%20Cacique%20Mara-spa.pdf
209,C.C. Maniritos III,http://lib.ohchr.org/HRBodies/UPR/Documents/session12/VE/C.C.%20Maniritos%20III-spa.pdf
210,C.C. Mantuano,http://lib.ohchr.org/HRBodies/UPR/Documents/session12/VE/C.C.%20Mantuano-spa.pdf
211,C.C. Manuel D'Acosta,http://lib.ohchr.org/HRBodies/UPR/Documents/session12/VE/C.C.%20Manuel%20D%27Acosta-spa.pdf
212,C.C. Marina Marcano,http://lib.ohchr.org/HRBodies/UPR/Documents/session12/VE/C.C.%20Marina%20Marcano-spa.pdf
213,C.C. María Auxiliadora,http://lib.ohchr.org/HRBodies/UPR/Documents/session12/VE/C.C.%20María%20Auxiliadora-spa.pdf
214,C.C. María Inmaculada,http://lib.ohchr.org/HRBodies/UPR/Documents/session12/VE/C.C.%20María%20Inmaculada-spa.pdf
215,C.C. Mata Seca,http://lib.ohchr.org/HRBodies/UPR/Documents/session12/VE/C.C.%20Mata%20Seca-spa.pdf
216,C.C. Mes del Tigre,http://lib.ohchr.org/HRBodies/UPR/Documents/session12/VE/C.C.%20Mes%20del%20Tigre-spa.pdf
217,C.C. Mesa de Aura,http://lib.ohchr.org/HRBodies/UPR/Documents/session12/VE/C.C.%20Mesa%20de%20Aura-spa.pdf
218,C.C. Miraflores Centro,http://lib.ohchr.org/HRBodies/UPR/Documents/session12/VE/C.C.%20Miraflores%20Centro-spa.pdf
219,C.C. Miramar,http://lib.ohchr.org/HRBodies/UPR/Documents/session12/VE/C.C.%20Miramar-spa.pdf
220,C.C. Monte Calvario,http://lib.ohchr.org/HRBodies/UPR/Documents/session12/VE/C.C.%20Monte%20Calvario-spa.pdf
221,C.C. Monte Claro Las Playitas,http://lib.ohchr.org/HRBodies/UPR/Documents/session12/VE/C.C.%20Monte%20Claro%20Las%20Playitas-spa.pdf
222,C.C. Mundo Nuevo,http://lib.ohchr.org/HRBodies/UPR/Documents/session12/VE/C.C.%20Mundo%20Nuevo-spa.pdf
223,C.C. Natalicio del Libertador,http://lib.ohchr.org/HRBodies/UPR/Documents/session12/VE/C.C.%20Natalicio%20del%20Libertador-spa.pdf
224,C.C. Necesario es Vencer,http://lib.ohchr.org/HRBodies/UPR/Documents/session12/VE/C.C.%20Necesario%20es%20Vencer-spa.pdf
225,C.C. Nueva Vida,http://lib.ohchr.org/HRBodies/UPR/Documents/session12/VE/C.C.%20Nueva%20Vida-spa.pdf
226,C.C. Nuevo Amanecer,http://lib.ohchr.org/HRBodies/UPR/Documents/session12/VE/C.C.%20Nuevo%20Amanecer-spa.pdf
227,C.C. Nuevo Rostro Campo Lindo III,http://lib.ohchr.org/HRBodies/UPR/Documents/session12/VE/C.C.%20Nuevo%20Rostro%20Campo%20Lindo%20III-spa.pdf
228,C.C. Otro Lado del Río,http://lib.ohchr.org/HRBodies/UPR/Documents/session12/VE/C.C.%20Otro%20Lado%20del%20Río-spa.pdf
229,C.C. Palo Grande,http://lib.ohchr.org/HRBodies/UPR/Documents/session12/VE/C.C.%20Palo%20Grande-spa.pdf
230,C.C. Palo Rosal,http://lib.ohchr.org/HRBodies/UPR/Documents/session12/VE/C.C.%20Palo%20Rosal-spa.pdf
231,C.C. Pantano Abajo III,http://lib.ohchr.org/HRBodies/UPR/Documents/session12/VE/C.C.%20Pantano%20Abajo%20III-spa.pdf
232,C.C. Paraguachoa,http://lib.ohchr.org/HRBodies/UPR/Documents/session12/VE/C.C.%20Paraguachoa-spa.pdf
233,C.C. Patriótico Guabina II,http://lib.ohchr.org/HRBodies/UPR/Documents/session12/VE/C.C.%20Patriótico%20Guabina%20II-spa.pdf
234,C.C. Pedro Luis Briceño II,http://lib.ohchr.org/HRBodies/UPR/Documents/session12/VE/C.C.%20Pedro%20Luis%20Briceño%20II-spa.pdf
235,C.C. Perpétuo Socorro,http://lib.ohchr.org/HRBodies/UPR/Documents/session12/VE/C.C.%20Perpétuo%20Socorro-spa.pdf
236,C.C. Perro Seco,http://lib.ohchr.org/HRBodies/UPR/Documents/session12/VE/C.C.%20Perro%20Seco-spa.pdf
237,C.C. Plaza Falcón,http://lib.ohchr.org/HRBodies/UPR/Documents/session12/VE/C.C.%20Plaza%20Falcón-spa.pdf
238,C.C. Población de Mundanza,http://lib.ohchr.org/HRBodies/UPR/Documents/session12/VE/C.C.%20Población%20de%20Mundanza-spa.pdf
239,C.C. Población Raya Arriba,http://lib.ohchr.org/HRBodies/UPR/Documents/session12/VE/C.C.%20Población%20Raya%20Arriba-spa.pdf
240,C.C. Polar IV,http://lib.ohchr.org/HRBodies/UPR/Documents/session12/VE/C.C.%20Polar%20IV-spa.pdf
241,C.C. Por Amor a Mi Barrio,http://lib.ohchr.org/HRBodies/UPR/Documents/session12/VE/C.C.%20Por%20Amor%20a%20Mi%20Barrio-spa.pdf
242,C.C. Primero de Mayo Sector I,http://lib.ohchr.org/HRBodies/UPR/Documents/session12/VE/C.C.%20Primero%20de%20Mayo%20Sector%20I-spa.pdf
243,C.C. Profesor Alberto Lovera,http://lib.ohchr.org/HRBodies/UPR/Documents/session12/VE/C.C.%20Profesor%20Alberto%20Lovera-spa.pdf
244,C.C. Providencia Bolivariana,http://lib.ohchr.org/HRBodies/UPR/Documents/session12/VE/C.C.%20Providencia%20Bolivariana-spa.pdf
245,C.C. Pueblo Hondo,http://lib.ohchr.org/HRBodies/UPR/Documents/session12/VE/C.C.%20Pueblo%20Hondo-spa.pdf
246,C.C. Pueblo Nuevo,http://lib.ohchr.org/HRBodies/UPR/Documents/session12/VE/C.C.%20Pueblo%20Nuevo-spa.pdf
247,C.C. Puerto Moreno,http://lib.ohchr.org/HRBodies/UPR/Documents/session12/VE/C.C.%20Puerto%20Moreno-spa.pdf
248,C.C. Rafael María Avila,http://lib.ohchr.org/HRBodies/UPR/Documents/session12/VE/C.C.%20Rafael%20María%20Avila-spa.pdf
249,C.C. Rafael Urdaneta,http://lib.ohchr.org/HRBodies/UPR/Documents/session12/VE/C.C.%20Rafael%20Urdaneta-spa.pdf
250,C.C. Recta de Apolonio,http://lib.ohchr.org/HRBodies/UPR/Documents/session12/VE/C.C.%20Recta%20de%20Apolonio-spa.pdf
251,C.C. Residencias El Centro,http://lib.ohchr.org/HRBodies/UPR/Documents/session12/VE/C.C.%20Residencias%20El%20Centro-spa.pdf
252,C.C. Revolucionaria en Marcha Sector A,http://lib.ohchr.org/HRBodies/UPR/Documents/session12/VE/C.C.%20Revolucionaria%20en%20Marcha%20Sector%20A-spa.pdf
253,C.C. Revolución Bravo Pueblo,http://lib.ohchr.org/HRBodies/UPR/Documents/session12/VE/C.C.%20Revolución%20Bravo%20Pueblo-spa.pdf
254,C.C. Rincón de la Vega,http://lib.ohchr.org/HRBodies/UPR/Documents/session12/VE/C.C.%20Rincón%20de%20la%20Vega-spa.pdf
255,C.C. Rosa Inés,http://lib.ohchr.org/HRBodies/UPR/Documents/session12/VE/C.C.%20Rosa%20Inés-spa.pdf
256,C.C. Ruíz Pineda,http://lib.ohchr.org/HRBodies/UPR/Documents/session12/VE/C.C.%20Ruíz%20Pineda-spa.pdf
257,C.C. Río Negro,http://lib.ohchr.org/HRBodies/UPR/Documents/session12/VE/C.C.%20Río%20Negro-spa.pdf
258,C.C. Sabana II,http://lib.ohchr.org/HRBodies/UPR/Documents/session12/VE/C.C.%20Sabana%20II-spa.pdf
259,C.C. Salinas del Sur,http://lib.ohchr.org/HRBodies/UPR/Documents/session12/VE/C.C.%20Salinas%20del%20Sur-spa.pdf
260,C.C. Samán del Táchira,http://lib.ohchr.org/HRBodies/UPR/Documents/session12/VE/C.C.%20Samán%20del%20Táchira-spa.pdf
261,C.C. San Antonio Este,http://lib.ohchr.org/HRBodies/UPR/Documents/session12/VE/C.C.%20San%20Antonio%20Este-spa.pdf
262,C.C. San Antonio Norte,http://lib.ohchr.org/HRBodies/UPR/Documents/session12/VE/C.C.%20San%20Antonio%20Norte-spa.pdf
263,C.C. San Genaro y La Unión,http://lib.ohchr.org/HRBodies/UPR/Documents/session12/VE/C.C.%20San%20Genaro%20y%20La%20Unión-spa.pdf
264,C.C. San Isidro Sector II,http://lib.ohchr.org/HRBodies/UPR/Documents/session12/VE/C.C.%20San%20Isidro%20Sector%20II-spa.pdf
265,C.C. San Miguel Arcángel,http://lib.ohchr.org/HRBodies/UPR/Documents/session12/VE/C.C.%20San%20Miguel%20Arcángel-spa.pdf
266,C.C. San Pablo Amazonas,http://lib.ohchr.org/HRBodies/UPR/Documents/session12/VE/C.C.%20San%20Pablo%20Amazonas-spa.pdf
267,C.C. San Pablo Zulia,http://lib.ohchr.org/HRBodies/UPR/Documents/session12/VE/C.C.%20San%20Pablo%20Zulia-spa.pdf
268,C.C. San Sebastián El Manantial,http://lib.ohchr.org/HRBodies/UPR/Documents/session12/VE/C.C.%20San%20Sebastián%20El%20Manantial-spa.pdf
269,C.C. Santa Eduviges Sector 8,http://lib.ohchr.org/HRBodies/UPR/Documents/session12/VE/C.C.%20Santa%20Eduviges%20Sector%208-spa.pdf
270,C.C. Santa Rosa,http://lib.ohchr.org/HRBodies/UPR/Documents/session12/VE/C.C.%20Santa%20Rosa-spa.pdf
271,C.C. Savayo II,http://lib.ohchr.org/HRBodies/UPR/Documents/session12/VE/C.C.%20Savayo%20II-spa.pdf
272,C.C. Sentimiento de un Pueblo,http://lib.ohchr.org/HRBodies/UPR/Documents/session12/VE/C.C.%20Sentimiento%20de%20un%20Pueblo-spa.pdf
273,C.C. Socialismo Siglo XXI,http://lib.ohchr.org/HRBodies/UPR/Documents/session12/VE/C.C.%20Socialismo%20Siglo%20XXI-spa.pdf
274,C.C. Sumaliain Wayuu,http://lib.ohchr.org/HRBodies/UPR/Documents/session12/VE/C.C.%20Sumaliain%20Wayuu-spa.pdf
275,C.C. Talaguayuu,http://lib.ohchr.org/HRBodies/UPR/Documents/session12/VE/C.C.%20Talaguayuu-spa.pdf
276,C.C. Taria,http://lib.ohchr.org/HRBodies/UPR/Documents/session12/VE/C.C.%20Taria-spa.pdf
277,C.C. Triunfadores del Sur,http://lib.ohchr.org/HRBodies/UPR/Documents/session12/VE/C.C.%20Triunfadores%20del%20Sur-spa.pdf
278,C.C. Uniblotes,http://lib.ohchr.org/HRBodies/UPR/Documents/session12/VE/C.C.%20Uniblotes-spa.pdf
279,C.C. Unidad e Igualdad,http://lib.ohchr.org/HRBodies/UPR/Documents/session12/VE/C.C.%20Unidad%20e%20Igualdad-spa.pdf
280,C.C. Unidos por San José,http://lib.ohchr.org/HRBodies/UPR/Documents/session12/VE/C.C.%20Unidos%20por%20San%20José-spa.pdf
281,C.C. Unidos Venceremos,http://lib.ohchr.org/HRBodies/UPR/Documents/session12/VE/C.C.%20Unidos%20Venceremos-spa.pdf
282,C.C. Urbanizacion Sucre,http://lib.ohchr.org/HRBodies/UPR/Documents/session12/VE/C.C.%20Urbanizacion%20Sucre-spa.pdf
283,C.C. Urbanización La Fuente Turnero,http://lib.ohchr.org/HRBodies/UPR/Documents/session12/VE/C.C.%20Urbanización%20La%20Fuente%20Turnero-spa.pdf
284,C.C. Urbanización Los Angeles,http://lib.ohchr.org/HRBodies/UPR/Documents/session12/VE/C.C.%20Urbanización%20Los%20Angeles-spa.pdf
285,C.C. Urbina,http://lib.ohchr.org/HRBodies/UPR/Documents/session12/VE/C.C.%20Urbina-spa.pdf
286,C.C. Uribana El Ujano,http://lib.ohchr.org/HRBodies/UPR/Documents/session12/VE/C.C.%20Uribana%20El%20Ujano-spa.pdf
287,C.C. Uveral II,http://lib.ohchr.org/HRBodies/UPR/Documents/session12/VE/C.C.%20Uveral%20II-spa.pdf
288,C.C. Valle Encantado 635,http://lib.ohchr.org/HRBodies/UPR/Documents/session12/VE/C.C.%20Valle%20Encantado-635-spa.pdf
289,C.C. Valle Frío Parte Alta,http://lib.ohchr.org/HRBodies/UPR/Documents/session12/VE/C.C.%20Valle%20Frío%20Parte%20Alta-spa.pdf
290,C.C. Valle Verde,http://lib.ohchr.org/HRBodies/UPR/Documents/session12/VE/C.C.%20Valle%20Verde-spa.pdf
291,C.C. Valles de Santa Rosa,http://lib.ohchr.org/HRBodies/UPR/Documents/session12/VE/C.C.%20Valles%20de%20Santa%20Rosa-spa.pdf
292,C.C. Patriótico Guabina II,http://lib.ohchr.org/HRBodies/UPR/Documents/session12/VE/C.C.%20Vencedores%20de%20Sucre-spa.pdf
293,C.C. Victoria de Oro 1 de Octubre,http://lib.ohchr.org/HRBodies/UPR/Documents/session12/VE/C.C.%20Victoria%20de%20Oro%201%20de%20Octubre-spa.pdf
294,C.C. Victoria Parte Baja,http://lib.ohchr.org/HRBodies/UPR/Documents/session12/VE/C.C.%20Victoria%20Parte%20Baja-spa.pdf
295,C.C. Villa de Nutrias,http://lib.ohchr.org/HRBodies/UPR/Documents/session12/VE/C.C.%20Villa%20de%20Nutrias-spa.pdf
296,C.C. Villa Esperanza,http://lib.ohchr.org/HRBodies/UPR/Documents/session12/VE/C.C.%20Villa%20Esperanza-spa.pdf
297,C.C. Villa Feliz,http://lib.ohchr.org/HRBodies/UPR/Documents/session12/VE/C.C.%20Villa%20Feliz-spa.pdf
298,C.C. Villa San Antonio,http://lib.ohchr.org/HRBodies/UPR/Documents/session12/VE/C.C.%20Villa%20San%20Antonio-spa.pdf
299,C.C. Virgen del Valle III,http://lib.ohchr.org/HRBodies/UPR/Documents/session12/VE/C.C.%20Virgen%20del%20Valle%20III-spa.pdf
300,C.C. Vista Bella,http://lib.ohchr.org/HRBodies/UPR/Documents/session12/VE/C.C.%20Vista%20Bella-spa.pdf
301,C.C. Vista Hermosa Poligonal A,http://lib.ohchr.org/HRBodies/UPR/Documents/session12/VE/C.C.%20Vista%20Hermosa%20Poligonal%20A-spa.pdf
302,C.C. Voluntad y Acción,http://lib.ohchr.org/HRBodies/UPR/Documents/session12/VE/C.C.%20Voluntad%20y%20Acción-spa.pdf
303,C.C. Wayuu 19 de Abril,http://lib.ohchr.org/HRBodies/UPR/Documents/session12/VE/C.C.%20Wayuu%2019%20de%20Abril-spa.pdf
304,CAASB - Cooperativa Agua Alcantarillado S J Bautista,http://lib.ohchr.org/HRBodies/UPR/Documents/session12/VE/CAASB-CooperativaAguaAlcantarilladoSJBautista-spa.pdf
305,CAEAA - Colectivo Autogestionario El Atoj Antoño,http://lib.ohchr.org/HRBodies/UPR/Documents/session12/VE/CAEAA-ColectivoAutogestionarioElAtojAntoño-spa.pdf
306,CANEXPPCHILE - Corporación Agrupación Nacional Ex Presos Pol,http://lib.ohchr.org/HRBodies/UPR/Documents/session12/VE/CANEXPPCHILE-CorporaciónAgrupaciónNacionalExPresosPol-spa.pdf
307,CAP - Centro Atención Psico Social,http://lib.ohchr.org/HRBodies/UPR/Documents/session12/VE/CAP-CentroAtenciónPsicoSocial-spa.pdf
308,CAP - Consejo Ayllus Originarios Potosí,http://lib.ohchr.org/HRBodies/UPR/Documents/session12/VE/CAP-ConsejoAyllusOriginariosPotosí-spa.pdf
309,Casa del Alba,http://lib.ohchr.org/HRBodies/UPR/Documents/session12/VE/Casa%20del%20Alba-spa.pdf
310,CASA - Casa Maryland,http://lib.ohchr.org/HRBodies/UPR/Documents/session12/VE/CASA-CasaMaryland-spa.pdf
311,CASM - Corporación Fortalecimiento Función Social,http://lib.ohchr.org/HRBodies/UPR/Documents/session12/VE/CASM-CorporaciónFortalecimientoFunciónSocial-spa.pdf
312,CC - Asociación Civil Control Ciudadano,http://lib.ohchr.org/HRBodies/UPR/Documents/session12/VE/CC-AsociaciónCivilControlCiudadano-spa.pdf
313,CC - Llallagua - Comité Cívico Llallagua,http://lib.ohchr.org/HRBodies/UPR/Documents/session12/VE/CC-Llallagua-ComitéCívicoLlallagua-spa.pdf
314,CCBU - California Coalition Barrios Unidos,http://lib.ohchr.org/HRBodies/UPR/Documents/session12/VE/CCBU-CaliforniaCoalitionBarriosUnidos-spa.pdf
315,CCDH - Comisión Chilena Derechos Humanos,http://lib.ohchr.org/HRBodies/UPR/Documents/session12/VE/CCDH-ComisiónChilenaDerechosHumanos-spa.pdf
316,CCMRS - Corporacion Casa Miguel Red Solidaria,http://lib.ohchr.org/HRBodies/UPR/Documents/session12/VE/CCMRS-CorporacionCasaMiguelRedSolidaria-spa.pdf
317,CCPG - Casa Cultura Patria Grande,http://lib.ohchr.org/HRBodies/UPR/Documents/session12/VE/CCPG-CasaCulturaPatriaGrande-spa.pdf
318,CCPT - Comité Cívico Popular Tarija,http://lib.ohchr.org/HRBodies/UPR/Documents/session12/VE/CCPT-ComitéCívicoPopularTarija-spa.pdf
319,CCSAM - Comité Cívico San Andrés Machaca,http://lib.ohchr.org/HRBodies/UPR/Documents/session12/VE/CCSAM-ComitéCívicoSanAndrésMachaca-spa.pdf
320,CCSP - Comité Canario Solidaridad Pueblos,http://lib.ohchr.org/HRBodies/UPR/Documents/session12/VE/CCSP-ComitéCanarioSolidaridadPueblos-spa.pdf
321,CCT - Corporación Colombiana Teatro,http://lib.ohchr.org/HRBodies/UPR/Documents/session12/VE/CCT-CorporaciónColombianaTeatro-spa.pdf
322,CDCT - Coordinadora Departamental Cambio Tarija,http://lib.ohchr.org/HRBodies/UPR/Documents/session12/VE/CDCT-CoordinadoraDepartamentalCambioTarija-spa.pdf
323,CDDH - Cojedes - Consejo Defensa Derechos Humanos Cojedes,http://lib.ohchr.org/HRBodies/UPR/Documents/session12/VE/CDDH-Cojedes-ConsejoDefensaDerechosHumanosCojedes-spa.pdf
324,CDDHMEM - Consejo Derechos Humanos Morro Puerto Santo,http://lib.ohchr.org/HRBodies/UPR/Documents/session12/VE/CDDHMEM-ConsejoDerechosHumanosMorroPuertoSanto-spa.pdf
325,CDDHPD - Consejo Defensa Derechos Humanos Discapacidad,http://lib.ohchr.org/HRBodies/UPR/Documents/session12/VE/CDDHPD-ConsejoDefensaDerechosHumanosDiscapacidad-spa.pdf
326,CDDHSF - Consejo Defensa Derechos San Francisco,http://lib.ohchr.org/HRBodies/UPR/Documents/session12/VE/CDDHSF-ConsejoDefensaDerechosSanFrancisco-spa.pdf
327,CDH - UCAB - Centro Derechos Humanos Universidad Católica,http://lib.ohchr.org/HRBodies/UPR/Documents/session12/VE/CDH-UCAB-CentroDerechosHumanosUniversidadCatólica-spa.pdf
328,CDHBC - Consejo Defensa Derechos Humanos Brisas Campeche,http://lib.ohchr.org/HRBodies/UPR/Documents/session12/VE/CDHBC-ConsejoDefensaDerechosHumanosBrisasCampeche-spa.pdf
329,CDOMJA - Coordinadora Departamental Org Mov Juveniles,http://lib.ohchr.org/HRBodies/UPR/Documents/session12/VE/CDOMJA-CoordinadoraDepartamentalOrgMovJuveniles-spa.pdf
330,CDPD - PACHAKUTI - Coordinadora Departamental Discapacidad,http://lib.ohchr.org/HRBodies/UPR/Documents/session12/VE/CDPD-PACHAKUTI-CoordinadoraDepartamentalDiscapacidad-spa.pdf
331,CEAAL - Consejo Educación Adultos América Latina,http://lib.ohchr.org/HRBodies/UPR/Documents/session12/VE/CEAAL-ConsejoEducaciónAdultosAméricaLatina-spa.pdf
332,CEIG - Colectivo Estudiantes Internacionalistas Guaraníes,http://lib.ohchr.org/HRBodies/UPR/Documents/session12/VE/CEIG-ColectivoEstudiantesInternacionalistasGuaraníes-spa.pdf
333,CELM - Cooperativa Editorial La Mancha,http://lib.ohchr.org/HRBodies/UPR/Documents/session12/VE/CELM-CooperativaEditorialLaMancha-spa.pdf
334,CEM - UVC - Centro Estudios Mujer Universidad Centra,http://lib.ohchr.org/HRBodies/UPR/Documents/session12/VE/CEM-UVC-CentroEstudiosMujerUniversidadCentral-spa.pdf
335,CEPRA - Centro Educación Producción Radiofónica,http://lib.ohchr.org/HRBodies/UPR/Documents/session12/VE/CEPRA-CentroEducaciónProducciónRadiofónica-spa.pdf
336,CESTRA - Fundación Centro Estudios Investigaciones,http://lib.ohchr.org/HRBodies/UPR/Documents/session12/VE/CESTRA-FundaciónCentroEstudiosInvestigaciones-spa.pdf
337,CGTFB - Confederación Trabajadores Fabriles Bolivia,http://lib.ohchr.org/HRBodies/UPR/Documents/session12/VE/CGTFB-ConfederaciónTrabajadoresFabrilesBolivia-spa.pd
338,Chajra Rung Masis,http://lib.ohchr.org/HRBodies/UPR/Documents/session12/VE/Chajra%20Rung%20Masis-spa.pdf
339,CIDOB - Confederacion Pueblos Indígenas Bolivia,http://lib.ohchr.org/HRBodies/UPR/Documents/session12/VE/CIDOB-ConfederacionPueblosIndígenasBolivia-spa.pdf
340,Cimarrones,http://lib.ohchr.org/HRBodies/UPR/Documents/session12/VE/Cimarrones-eng.pdf
341,CJCWT - Casa Juvenil Culturas Wayna Tambo,http://lib.ohchr.org/HRBodies/UPR/Documents/session12/VE/CJCWT-CasaJuvenilCulturasWaynaTambo-spa.pdf
342,CM - Coordinadora Mujer,http://lib.ohchr.org/HRBodies/UPR/Documents/session12/VE/CM-CoordinadoraMujer-spa.pdf
343,CMIB - Central Mujeres Indígenas Beni,http://lib.ohchr.org/HRBodies/UPR/Documents/session12/VE/CMIB-CentralMujeresIndígenasBeni-spa.pdf
344,CMOS - Coordinadora Mexicana Organizaciones Solidarias,http://lib.ohchr.org/HRBodies/UPR/Documents/session12/VE/CMOS-CoordinadoraMexicanaOrganizacionesSolidarias-spa.pdf
345,CMQT - Cooperativa Minera Qori Thuica,http://lib.ohchr.org/HRBodies/UPR/Documents/session12/VE/CMQT-CooperativaMineraQoriThuica-spa.pdf
346,CMTA - Coalición Mesas Técnicas Agua,http://lib.ohchr.org/HRBodies/UPR/Documents/session12/VE/CMTA-CoaliciónMesasTécnicasAgua-spa.pdf
347,CMXX - Cooperativa Minera Siglo XX,http://lib.ohchr.org/HRBodies/UPR/Documents/session12/VE/CMXX-CooperativaMineraSigloXX-spa.pdf
348,CNMCIOB BS - Conf Nac Mujeres Campesinas Indígenas,http://lib.ohchr.org/HRBodies/UPR/Documents/session12/VE/CNMCIOB%20BS-ConfNacMujeresCampesinaIndígenas-spa.pdf
349,CNRJB - Confederación Nacional Rentistas Jubilados,http://lib.ohchr.org/HRBodies/UPR/Documents/session12/VE/CNRJB-ConfederaciónNacionalRentistasJubilados-spa.pdf
350,COB - Central Obrera Boliviana,http://lib.ohchr.org/HRBodies/UPR/Documents/session12/VE/COB-CentralObreraBoliviana-spa.pdf
351,COCIPOBOL - Comité Cívico Popular Bolivia,http://lib.ohchr.org/HRBodies/UPR/Documents/session12/VE/COCIPOBOL-ComitéCívicoPopularBolivia-spa.pdf
352,CODMPOT - Coordinadora Mujeres Populares Tarija,http://lib.ohchr.org/HRBodies/UPR/Documents/session12/VE/CODMPOT-CoordinadoraMujeresPopularesTarija-spa.pdf
353,COFAVIC - Comité Familias Víctimas Sucesos Febrero,http://lib.ohchr.org/HRBodies/UPR/Documents/session12/VE/COFAVIC-ComitéFamiliasVíctimasSucesosFebrero-spa.pdf
354,Collectif Education,http://lib.ohchr.org/HRBodies/UPR/Documents/session12/VE/Collectif%20Education-spa.pdf
355,Comedor Los Pibes,http://lib.ohchr.org/HRBodies/UPR/Documents/session12/VE/Comedor%20Los%20Pibes-spa.pdf
356,CONALJUVE - Confederación Nacional Juntas Vecinales,http://lib.ohchr.org/HRBodies/UPR/Documents/session12/VE/CONALJUVE-ConfederaciónNacionalJuntasVecinales-spa.pdf
357,CONAMAQ - Consejo Nacional Ayllus Markas Qullasuy,http://lib.ohchr.org/HRBodies/UPR/Documents/session12/VE/CONAMAQ-ConsejoNacionalAyllusMarkasQullasuyu-spa.pdf
358,CONAMYPE - Confederación Nacional Micro Pequeña Empresa,http://lib.ohchr.org/HRBodies/UPR/Documents/session12/VE/CONAMYPE-ConfederaciónNacionalMicroPequeñaEmpresa-spa.pdf
359,COR - El ALto - Central Obrera Regional El Alto,http://lib.ohchr.org/HRBodies/UPR/Documents/session12/VE/COR-El%20ALto-CentralObreraRegionalElAlto-spa.pdf
360,CPD - Centro Popular Desarrollo,http://lib.ohchr.org/HRBodies/UPR/Documents/session12/VE/CPD-CentroPopularDesarrollo-spa.pdf
361,CPIB - Central Pueblos Indígenas Beni,http://lib.ohchr.org/HRBodies/UPR/Documents/session12/VE/CPIB-CentralPueblosIndígenasBeni-spa.pdf
362,CPTI - Conscience Peace Tax International,http://lib.ohchr.org/HRBodies/UPR/Documents/session12/VE/CPTI-ConsciencePeaceTaxInternational-eng.pdf
363,CRC - Corporación Retornados Chile,http://lib.ohchr.org/HRBodies/UPR/Documents/session12/VE/CRC-CorporaciónRetornadosChile-spa.pdf
364,CS - La Chacarita - Comité Salud Chacarita,http://lib.ohchr.org/HRBodies/UPR/Documents/session12/VE/CS-La%20Chacarita-ComitéSaludChacarita-spa.pdf
365,CSADDSM - Comuna Socialista Agrícola,http://lib.ohchr.org/HRBodies/UPR/Documents/session12/VE/CSADDSM-ComunaSocialistaAgrícola-spa.pdf
366,CSAPA - Cooperativa Servicios Agua Potable Los Alamos,http://lib.ohchr.org/HRBodies/UPR/Documents/session12/VE/CSAPA-CooperativaServiciosAguaPotableLosAlamos-spa.pdf
367,CSC - Comunidad Sariri Cochabamba,http://lib.ohchr.org/HRBodies/UPR/Documents/session12/VE/CSC-ComunidadSaririCochabamba-spa.pdf
368,CSJ - Café Semilla Juvenil,http://lib.ohchr.org/HRBodies/UPR/Documents/session12/VE/CSJ-CaféSemillaJuvenil-spa.pdf
369,CSRCMHRC - Comuna Socialista Ribereña,http://lib.ohchr.org/HRBodies/UPR/Documents/session12/VE/CSRCMHRC-ComunaSocialistaRibereña-spa.pdf
370,CSTCB -Confederación Sindical Trabajadores Construcción,http://lib.ohchr.org/HRBodies/UPR/Documents/session12/VE/CSTCB-ConfederaciónSindicalTrabajadoresConstrucción-spa.pdf
371,CSUTC - Pantaleon - Central Sindical Unica Trabajadores,http://lib.ohchr.org/HRBodies/UPR/Documents/session12/VE/CSUTC-Pantaleon-CentralSindicalUnicaTrabajadores-spa.pdf
372,CSUTCOQPTF - Central Sindical Unica Trabajadores,http://lib.ohchr.org/HRBodies/UPR/Documents/session12/VE/CSUTCOQPTF-CentralSindicalUnicaTrabajadores-spa.pdf
373,CTU - Comités Tierra Urbana,http://lib.ohchr.org/HRBodies/UPR/Documents/session12/VE/CTU-ComitésTierraUrbana-spa.pdf
374,CUTC - Central Unitaria Trabajadores Chile,http://lib.ohchr.org/HRBodies/UPR/Documents/session12/VE/CUTC-CentralUnitariaTrabajadoresChile-spa.pdf
375,DID - Asociación Discapacidad Inclusión Desarrollo,http://lib.ohchr.org/HRBodies/UPR/Documents/session12/VE/DID-AsociaciónDiscapacidadInclusiónDesarrollo-spa.pdf
376,Diverlex,http://lib.ohchr.org/HRBodies/UPR/Documents/session12/VE/Diverlex-spa.pdf
377,ECMS - Epicentro Cultural Manuelita Saenz,http://lib.ohchr.org/HRBodies/UPR/Documents/session12/VE/ECMS-EpicentroCulturalManuelitaSaenz-spa.pdf
378,EFIP - Equipo Formación Información Publicaciones,http://lib.ohchr.org/HRBodies/UPR/Documents/session12/VE/EFIP-EquipoFormaciónInformaciónPublicaciones-spa.pdf
379,El Observatorio - Obervatorio Venezolano Mujeres,http://lib.ohchr.org/HRBodies/UPR/Documents/session12/VE/El%20Observatorio-ObervatorioVenezolanoMujeres-eng.pdf
380,ENFF - Escola Nacional Florestan Fernandez,http://lib.ohchr.org/HRBodies/UPR/Documents/session12/VE/ENFF-EscolaNacionalFlorestanFernandez-spa.pdf
381,ENT - Environmental Network Trinidad Tobago,http://lib.ohchr.org/HRBodies/UPR/Documents/session12/VE/ENT-EnvironmentalNetworkTrinidadTobago-eng.pdf
382,EP -Espacio Público,http://lib.ohchr.org/HRBodies/UPR/Documents/session12/VE/EP-EspacioPúblico-spa.pdf
383,ESDATA,http://lib.ohchr.org/HRBodies/UPR/Documents/session12/VE/ESDATA-spa.pdf
384,Evita Siempre,http://lib.ohchr.org/HRBodies/UPR/Documents/session12/VE/Evita%20Siempre-spa.pdf
385,FAOI - Federación Ayllus Originarios Indígenas,http://lib.ohchr.org/HRBodies/UPR/Documents/session12/VE/FAOI-FederaciónAyllusOriginariosIndígenas-spa.pdf
386,FCA - Fundación Cultural Asodefensa,http://lib.ohchr.org/HRBodies/UPR/Documents/session12/VE/FCA-FundaciónCulturalAsodefensa-spa.pdf
387,FCEMRS - Fundación Comunitaria Estrella Marina,http://lib.ohchr.org/HRBodies/UPR/Documents/session12/VE/FCEMRS-FundaciónComunitariaEstrellaMarina-spa.pdf
388,FCJ - Fundación Comunitaria Jaureguina,http://lib.ohchr.org/HRBodies/UPR/Documents/session12/VE/FCJ-FundaciónComunitariaJaureguina-spa.pdf
389,FCM - Fundación Comunitaria Montaña,http://lib.ohchr.org/HRBodies/UPR/Documents/session12/VE/FCM-FundaciónComunitariaMontaña-spa.pdf
390,FCSHSIV - Casa Solidaridad Humana Sor Inés Vera,http://lib.ohchr.org/HRBodies/UPR/Documents/session12/VE/FCSHSIV-CasaSolidaridadHumanaSorInésVera-spa.pdf
391,FDJ - Federación Departamental Jubilados,http://lib.ohchr.org/HRBodies/UPR/Documents/session12/VE/FDJ-FederaciónDepartamentalJubilados-spa.pdf
392,FDJTE - Fed Dep Juventudes Trabajadores Eventuales,http://lib.ohchr.org/HRBodies/UPR/Documents/session12/VE/FDJTE-FedDepJuventudesTrabajadoresEventuales-spa.pdf
393,FDMC - Federación Departamental Mujeres Campesinas Indígenas,http://lib.ohchr.org/HRBodies/UPR/Documents/session12/VE/FDMC-FederaciónDepartamentalMujeresCampesinasIndígenas-spa.pdf
394,FECAR - Federación Comunidades Agropecuarias,http://lib.ohchr.org/HRBodies/UPR/Documents/session12/VE/FECAR-FederaciónComunidadesAgropecuarias-spa.pdf
395,FEDOJUVE - Federación Departamental Org Juntas Vecinales,http://lib.ohchr.org/HRBodies/UPR/Documents/session12/VE/FEDOJUVE-FederaciónDepartamentalOrgJuntasVecinales-spa.pdf
396,FEESFM - Federación Estudiantes Escuela Superior,http://lib.ohchr.org/HRBodies/UPR/Documents/session12/VE/FEESFM-FederaciónEstudiantesEscuelaSuperior-spa.pdf
397,FEPAY - Federación Ecológica Productores Agropecuarios,http://lib.ohchr.org/HRBodies/UPR/Documents/session12/VE/FEPAY-FederaciónEcológicaProductoresAgropecuarios-spa.pdf
398,FERINE - Federación Estatal Asociaciones Inmigrantes Refugiados,http://lib.ohchr.org/HRBodies/UPR/Documents/session12/VE/FERINE-FederaciónEstatalAsociacionesInmigrantesRefugiados-spa.pdf
399,FES - Federación Estudiantes Secundaria,http://lib.ohchr.org/HRBodies/UPR/Documents/session12/VE/FES-FederaciónEstudiantesSecundaria-spa.pdf
400,FEUSALC - Fundación Emancipación,http://lib.ohchr.org/HRBodies/UPR/Documents/session12/VE/FEUSALC-FundaciónEmancipación-spa.pdf
401,FEUU - Federación Estudiantes Universitarios,http://lib.ohchr.org/HRBodies/UPR/Documents/session12/VE/FEUU-FederaciónEstudiantesUniversitarios-spa.pdf
402,FGVG - Federación Gremiales Vivanderos Gastronómicos,http://lib.ohchr.org/HRBodies/UPR/Documents/session12/VE/FGVG-FederaciónGremialesVivanderosGastronómicos-spa.pdf
403,FIWP - Frente Indígena Bicentenario Waikae Puru,http://lib.ohchr.org/HRBodies/UPR/Documents/session12/VE/FIWP-FrenteIndígenaBicentenarioWaikaePuru-spa.pdf
404,FMC - Federación Mujeres Cubanas,http://lib.ohchr.org/HRBodies/UPR/Documents/session12/VE/FMC-FederaciónMujeresCubanas-spa.pdf
405,FMFA - Frente Motorizado Franco Arquímides,http://lib.ohchr.org/HRBodies/UPR/Documents/session12/VE/FMFA-FrenteMotorizadoFrancoArquímides-spa.pdf
406,FNPAA - Frente Nacional Pescadoras Acuicultoras,http://lib.ohchr.org/HRBodies/UPR/Documents/session12/VE/FNPAA-FrenteNacionalPescadorasAcuicultoras-spa.pdf
407,FOCPEDD - LP - Federación Org Comunitarias Discapacidad,http://lib.ohchr.org/HRBodies/UPR/Documents/session12/VE/FOCPEDD-LP-FederaciónOrgComunitariasDiscapacidad-spa.pdf
408,Foro por la Vida,http://lib.ohchr.org/HRBodies/UPR/Documents/session12/VE/Foro%20por%20la%20Vida-spa.pdf
409,FPS - Apure - Frente Productores Socialistas Apure,http://lib.ohchr.org/HRBodies/UPR/Documents/session12/VE/FPS-Apure-FrenteProductoresSocialistasApure-spa.pdf
410,FRBJ - Federación Residentes Bolivianos Jujuy,http://lib.ohchr.org/HRBodies/UPR/Documents/session12/VE/FRBJ-FederaciónResidentesBolivianosJujuy-spa.pdf
411,FRJV - Plan 3 Mil - Federación Regional Juntas Vecinales,http://lib.ohchr.org/HRBodies/UPR/Documents/session12/VE/FRJV-Plan3Mil-FederaciónRegionalJuntasVecinales-spa.pdf
412,FRUTCO - Sabaya - Federación Regional Campesinos Sabaya,http://lib.ohchr.org/HRBodies/UPR/Documents/session12/VE/FRUTCO-Sabaya-FederaciónRegionalCampesinosSabaya-spa.pdf
413,FSUTC - Federación Sindical Unica Trabajadores Campesinos,http://lib.ohchr.org/HRBodies/UPR/Documents/session12/VE/FSUTC-FederaciónSindicalUnicaTrabajadoresCampesinos-spa.pdf
414,FSUTCAT - Federación Sindical Unica Trabajadores Campesinos,http://lib.ohchr.org/HRBodies/UPR/Documents/session12/VE/FSUTCAT-FederaciónSindicalUnicaTrabajadoresCampesinos-spa.pdf
415,FTCE - Federación Trabajadores Carretón Estibadores,http://lib.ohchr.org/HRBodies/UPR/Documents/session12/VE/FTCE-FederaciónTrabajadoresCarretónEstibadores-spa.pdf
416,FUD - Federación Universitaria Docentes,http://lib.ohchr.org/HRBodies/UPR/Documents/session12/VE/FUD-FederaciónUniversitariaDocentes-spa.pdf
417,FUDECI - Fundación Desarrollo Ciencias Físicas,http://lib.ohchr.org/HRBodies/UPR/Documents/session12/VE/FUDECI-FundaciónDesarrolloCienciasFísicas-spa.pdf
418,FUNDACAMINOS,http://lib.ohchr.org/HRBodies/UPR/Documents/session12/VE/FUNDACAMINOS-spa.pdf
419,Fundación Reflejos,http://lib.ohchr.org/HRBodies/UPR/Documents/session12/VE/Fundación%20Reflejos-spa.pdf
420,FUNDALATIN - IDHES,http://lib.ohchr.org/HRBodies/UPR/Documents/session12/VE/FUNDALATIN-IDHES-spa.pdf
421,FVBM - Fundación Venezuela Bolívar Música,http://lib.ohchr.org/HRBodies/UPR/Documents/session12/VE/FVBM-Fundación%20Venezuela%20Bolívar%20Música-spa.pdf
422,FVJEG - Fundación Justicia Económica Global,http://lib.ohchr.org/HRBodies/UPR/Documents/session12/VE/FVJEG-FundaciónJusticiaEconómicaGlobal-spa.pdf
423,Gente del Petróleo,http://lib.ohchr.org/HRBodies/UPR/Documents/session12/VE/Gente%20del%20Petróleo-spa.pdf
424,GHRO - Grenada Human Rights Organisation,http://lib.ohchr.org/HRBodies/UPR/Documents/session12/VE/GHRO-GrenadaHumanRightsOrganisaiton-eng.pdf
425,GPDP - Grupo Profesores Derecho Público,http://lib.ohchr.org/HRBodies/UPR/Documents/session12/VE/GPDP-GrupoProfesoresDerechoPúblico-spa.pdf
426,GPVEC - Grupo Profesores Venezolanos Egresados Cuba,http://lib.ohchr.org/HRBodies/UPR/Documents/session12/VE/GPVEC-GrupoProfesoresVenezolanosEgresadosCuba-spa.pdf
427,Grupo Tacuba,http://lib.ohchr.org/HRBodies/UPR/Documents/session12/VE/Grupo%20Tacuba-spa.pdf
428,GUATOPO,http://lib.ohchr.org/HRBodies/UPR/Documents/session12/VE/GUATOPO-spa.pdf
429,Hospital Santa Cruz,http://lib.ohchr.org/HRBodies/UPR/Documents/session12/VE/Hospital%20Santa%20Cruz-spa.pdf
430,HRW - Human Rights Watch,http://lib.ohchr.org/HRBodies/UPR/Documents/session12/VE/HRW-HumanRightsWatch-eng.pdf
431,IAC - International Action Centre,http://lib.ohchr.org/HRBodies/UPR/Documents/session12/VE/IAC-InternationalActionCentre-eng.pdf
432,ICAP - Instituto Cubano Amistad Pueblos,http://lib.ohchr.org/HRBodies/UPR/Documents/session12/VE/ICAP-InstitutoCubanoAmistadPueblos-spa.pdf
433,ICEJC - Instituto Complutense Estudios Jurídicos Críticos,http://lib.ohchr.org/HRBodies/UPR/Documents/session12/VE/ICEJC-InstitutoComplutenseEstudiosJurídicosCríticos-spa.pdf
434,ICM - Iglesia Comunidad Metropolitana,http://lib.ohchr.org/HRBodies/UPR/Documents/session12/VE/ICM-IglesiaComunidadMetropolitana-spa.pdf
435,ICNLG - International Committee National Lawyers Guild,http://lib.ohchr.org/HRBodies/UPR/Documents/session12/VE/ICNLG-InternationalCommitteeNationalLawyersGuild-eng.pdf
436,IEPALA - Fundación Instituto Estudios Politicos,http://lib.ohchr.org/HRBodies/UPR/Documents/session12/VE/IEPALA-FundaciónInstitutoEstudiosPoliticos-spa.pdf
437,IHRC - UOCL - International Human Rights Clinic,http://lib.ohchr.org/HRBodies/UPR/Documents/session12/VE/IHRC-UOCL-InternationalHumanRightsClinic-eng.pdf
438,IIAVE - Instituto Investigaciones Desarrollo Arte,http://lib.ohchr.org/HRBodies/UPR/Documents/session12/VE/IIAVE-InstitutoInvestigacionesDesarrolloArte-spa.pdf
439,IIICAB - Instituto Internacional Integración Andrés Bello,http://lib.ohchr.org/HRBodies/UPR/Documents/session12/VE/IIICAB-InstitutoInternacionalIntegraciónAndrésBello-spa.pdf
440,IJ - Iglesia Jesucristo,http://lib.ohchr.org/HRBodies/UPR/Documents/session12/VE/IJ-IglesiaJesucristo-spa.pdf
441,INCOSEC - Instituto Investigaciones Convivencia Seguridad,http://lib.ohchr.org/HRBodies/UPR/Documents/session12/VE/INCOSEC-InstitutoInvestigacionesConvivenciaSeguridad-spa.pdf
442,IPS - Institute Policy Studies,http://lib.ohchr.org/HRBodies/UPR/Documents/session12/VE/IPS-InstitutePolicyStudies-eng.pdf
443,IPYS - Press Society Institute,http://lib.ohchr.org/HRBodies/UPR/Documents/session12/VE/IPYS-PressSocietyInstitute-eng.pdf
444,JEIP - Jóvenes Inclusión Participativa,http://lib.ohchr.org/HRBodies/UPR/Documents/session12/VE/JEIP-JóvenesInclusiónParticipativa-spa.pdf
445,,
446,JS 1 - Joint Submission 1,http://lib.ohchr.org/HRBodies/UPR/Documents/session12/VE/JS1-JointSubmission1-spa.pdf
447,JS 2 - Joint Submission 2,http://lib.ohchr.org/HRBodies/UPR/Documents/session12/VE/JS2-JointSubmission2-spa.pdf
448,JS 3 - Joint Submission 3,http://lib.ohchr.org/HRBodies/UPR/Documents/session12/VE/JS3-JointSubmission3-spa.pdf
449,JS 4 - Joint Submission 4,http://lib.ohchr.org/HRBodies/UPR/Documents/session12/VE/JS4-JointSubmission4-spa.pdf
450,JS 5 - Joint Submission 5,http://lib.ohchr.org/HRBodies/UPR/Documents/session12/VE/JS5-JointSubmission5-spa.pdf
451,JS 6 - IIMA - VIDES - Joint Submission 6,http://lib.ohchr.org/HRBodies/UPR/Documents/session12/VE/JS6%20IIMA-VIDES-JointSubmission6-spa.pdf
452,JS 7 - Joint Submission 7,http://lib.ohchr.org/HRBodies/UPR/Documents/session12/VE/JS7-JointSubmission7-spa.pdf
453,JS 8 - Joint Submission 8,http://lib.ohchr.org/HRBodies/UPR/Documents/session12/VE/JS8-JointSubmission8-spa.pdf
454,JS9 - Joint Submission 9,http://lib.ohchr.org/HRBodies/UPR/Documents/session12/VE/JS9-JointSubmission9-spa.pdf
455,JS 10 - Joint Submission 10,http://lib.ohchr.org/HRBodies/UPR/Documents/session12/VE/JS10-JointSubmission10-spa.pdf
456,JS 11 - Joint Submission 11,http://lib.ohchr.org/HRBodies/UPR/Documents/session12/VE/JS11-JointSubmission11-spa.pdf
457,JS 12 - REDHNNA - Joint Submission 12,http://lib.ohchr.org/HRBodies/UPR/Documents/session12/VE/JS12-REDHNNA-JointSubmission12-spa.pdf
458,JS 13 - REDVIH - Red ONGs OBCVIH,http://lib.ohchr.org/HRBodies/UPR/Documents/session12/VE/JS13-REDVIH-RedONGsOBCVIH-spa.pdf
459,JS 14 - APIVEN - SHN - KUYUNU - Joint Submission 14,http://lib.ohchr.org/HRBodies/UPR/Documents/session12/VE/JS14-APIVEN-SHN-KUYUNU-JointSubmission14-spa.pdf
460,JS 15 - Joint Submission 15,http://lib.ohchr.org/HRBodies/UPR/Documents/session12/VE/JS15-JointSubmission15-spa.pdf
461,JS 16 - Joint Submission 16,http://lib.ohchr.org/HRBodies/UPR/Documents/session12/VE/JS16-JointSubmission16-spa.pdf
462,JS 17 - Joint Submission 17,http://lib.ohchr.org/HRBodies/UPR/Documents/session12/VE/JS17-JointSubmission17-spa.pdf
463,JS 18 - PROVEA - CONVITE - ACSOL - Joint Submission 18,http://lib.ohchr.org/HRBodies/UPR/Documents/session12/VE/JS18-PROVEA-CONVITE-ACSOL-JointSubmission18-spa.pdf
464,JS 19 - Joint Submission 19,http://lib.ohchr.org/HRBodies/UPR/Documents/session12/VE/JS19-JointSubmission19-spa.pdf
465,JS 20 - Joint Submission 20,http://lib.ohchr.org/HRBodies/UPR/Documents/session12/VE/JS20-JointSubmission20-spa.pdf
466,Junta Vecinal Final Yanacocha,http://lib.ohchr.org/HRBodies/UPR/Documents/session12/VE/Junta%20Vecinal%20Final%20Yanacocha-spa.pdf
467,Junta Vecinal 13 de abril,http://lib.ohchr.org/HRBodies/UPR/Documents/session12/VE/Junta%20Vecinal%2013%20de%20abril-spa.pdf
468,Junta Vecinal Alto Chijini,http://lib.ohchr.org/HRBodies/UPR/Documents/session12/VE/Junta%20Vecinal%20Alto%20Chijini-spa.pdf
469,Junta Vecinal Arroyo Chico,http://lib.ohchr.org/HRBodies/UPR/Documents/session12/VE/Junta%20Vecinal%20Arroyo%20Chico-spa.pdf
470,Junta Vecinal Kamirpata,http://lib.ohchr.org/HRBodies/UPR/Documents/session12/VE/Junta%20Vecinal%20Kamirpata-spa.pdf
471,Junta Vecinal San Felipe,http://lib.ohchr.org/HRBodies/UPR/Documents/session12/VE/Junta%20Vecinal%20San%20Felipe-spa.pdf
472,Junta Vecinal Santa María de Tangani,http://lib.ohchr.org/HRBodies/UPR/Documents/session12/VE/Junta%20Vecinal%20Santa%20María%20de%20Tangani-spa.pdf
473,Justicia y Proceso,http://lib.ohchr.org/HRBodies/UPR/Documents/session12/VE/Justicia%20y%20Proceso-spa.pdf
474,Justicia y Vida,http://lib.ohchr.org/HRBodies/UPR/Documents/session12/VE/Justicia%20y%20Vida-spa.pdf
475,Kuru Kururu - Farmers Association,http://lib.ohchr.org/HRBodies/UPR/Documents/session12/VE/Kuru%20Kururu-FarmersAssociation-eng.pdf
476,La Esperanza,http://lib.ohchr.org/HRBodies/UPR/Documents/session12/VE/La%20Esperanza-spa.pdf
477,Los Samanes,http://lib.ohchr.org/HRBodies/UPR/Documents/session12/VE/Los%20Samanes-spa.pdf
478,Manos Fuera,http://lib.ohchr.org/HRBodies/UPR/Documents/session12/VE/Manos%20Fuera-spa.pdf
479,MAP - Paraguay - Movimiento Agrario Popular,http://lib.ohchr.org/HRBodies/UPR/Documents/session12/VE/MAP-Paraguay-MovimientoAgrarioPopular-spa.pdf
480,MBSC - Movimiento Boliviano Solidaridad Cuba,http://lib.ohchr.org/HRBodies/UPR/Documents/session12/VE/MBSC-MovimientoBolivianoSolidaridadCuba-spa.pdf
481,MCDA - Movimiento Calidad Agua,http://lib.ohchr.org/HRBodies/UPR/Documents/session12/VE/MCDA-MovimientoCalidadAgua-spa.pdf
482,MCPSSP - Movimiento Cubano Paz Soberanía Pueblos,http://lib.ohchr.org/HRBodies/UPR/Documents/session12/VE/MCPSSP-MovimientoCubanoPazSoberaníaPueblos-spa.pdf
483,MEPB - Movimiento Educadores Populares,http://lib.ohchr.org/HRBodies/UPR/Documents/session12/VE/MEPB-MovimientoEducadoresPopulares-spa.pdf
484,MINGA - Asociación Promoción Social Alternativa,http://lib.ohchr.org/HRBodies/UPR/Documents/session12/VE/MINGA-AsociaciónPromociónSocialAlternativa-spa.pdf
485,MMBJJS - Misión Madres Barrio Josefa Joaquina,http://lib.ohchr.org/HRBodies/UPR/Documents/session12/VE/MMBJJS-MisiónMadresBarrioJosefaJoaquina-spa.pdf
486,MOAPA - Movimiento Agrario Paraguay,http://lib.ohchr.org/HRBodies/UPR/Documents/session12/VE/MOAPA-MovimientoAgrarioParaguay-spa.pdf
487,MPPG - Movimiento Popular Patria Grande,http://lib.ohchr.org/HRBodies/UPR/Documents/session12/VE/MPPG-MovimientoPopularPatriaGrande-spa.pdf
488,MSN - Movimiento Social Nicaragüense,http://lib.ohchr.org/HRBodies/UPR/Documents/session12/VE/MSN-MovimientoSocialNicaragüense-spa.pdf
489,MSNA - Movimiento Solidaridad Nuestra América,http://lib.ohchr.org/HRBodies/UPR/Documents/session12/VE/MSNA-MovimientoSolidaridadNuestraAmérica-spa.pdf
490,MSTB - Movimiento Sin Tierra Bolivia,http://lib.ohchr.org/HRBodies/UPR/Documents/session12/VE/MSTB-MovimientoSinTierraBolivia-spa.pdf
491,MUN - Magisterio Unico Nacional,http://lib.ohchr.org/HRBodies/UPR/Documents/session12/VE/MUN-MagisterioUnicoNacional-spa.pdf
492,Nuevo Amanecer - Comité Productores Koe Pyhaju,http://lib.ohchr.org/HRBodies/UPR/Documents/session12/VE/Nuevo%20Amanecer-ComitéProductoresKoePyhaju-spa.pdf
493,OIE - Organización Internacional Empleadores,http://lib.ohchr.org/HRBodies/UPR/Documents/session12/VE/OIE-OrganizaciónInternacionalEmpleadores-spa.pdf
494,OJC - Organización Juventud Comunitaria,http://lib.ohchr.org/HRBodies/UPR/Documents/session12/VE/OJC-OrganizaciónJuventudComunitaria-spa.pdf
495,OM - Plan 3 Mil - Organización Maestros,http://lib.ohchr.org/HRBodies/UPR/Documents/session12/VE/OM-Plan3Mil-OrganizaciónMaestros-spa.pdf
496,OMMIBOL - Organización Mujeres Mineras Bolivia,http://lib.ohchr.org/HRBodies/UPR/Documents/session12/VE/OMMIBOL-OrganizaciónMujeresMinerasBolivia-spa.pdf
497,OSPAAAL - Organización Solidaridad Pueblos,http://lib.ohchr.org/HRBodies/UPR/Documents/session12/VE/OSPAAAL-OrganizaciónSolidaridadPueblos-spa.pdf
498,OSRBT - Organización Social Rojo Blanco Tarija,http://lib.ohchr.org/HRBodies/UPR/Documents/session12/VE/OSRBT-OrganizaciónSocialRojoBlancoTarija-spa.pdf
499,OTB - Barrios Unidos,http://lib.ohchr.org/HRBodies/UPR/Documents/session12/VE/OTB-Barrios%20Unidos-spa.pdf
500,OVP - ACLM - Observatorio Prisiones Liberados Marcha,http://lib.ohchr.org/HRBodies/UPR/Documents/session12/VE/OVP-ACLM-ObservatorioPrisionesLiberadosMarcha-spa.pdf
501,OVV - LACSO - Observatorio Violencia Laboratorio Ciencias Sociales,http://lib.ohchr.org/HRBodies/UPR/Documents/session12/VE/OVV-LACSO-ObservatorioViolenciaLaboratorioCienciasSociales-spa.pdf
502,Palabra de Mujer,http://lib.ohchr.org/HRBodies/UPR/Documents/session12/VE/Palabra%20de%20Mujer-spa.pdf
503,Paz Activa,http://lib.ohchr.org/HRBodies/UPR/Documents/session12/VE/Paz%20Activa-spa.pdf
504,Peace Boat,http://lib.ohchr.org/HRBodies/UPR/Documents/session12/VE/Peace%20Boat-spa.pdf
505,PEN,http://lib.ohchr.org/HRBodies/UPR/Documents/session12/VE/PEN-spa.pdf
506,Petro Bronx,http://lib.ohchr.org/HRBodies/UPR/Documents/session12/VE/Petro%20Bronx-spa.pdf
507,PLANE - Federación Departamental Trabajadores Eventuales,http://lib.ohchr.org/HRBodies/UPR/Documents/session12/VE/PLANE-FederaciónDepartamentalTrabajadoresEventuales-spa.pdf
508,PP - Asamblea Popular Pueblos,http://lib.ohchr.org/HRBodies/UPR/Documents/session12/VE/PP-AsambleaPopularPueblos-spa.pdf
509,Pro Eco - Fundación Pro Eco San Miguel,http://lib.ohchr.org/HRBodies/UPR/Documents/session12/VE/Pro%20Eco-FundaciónProEcoSanMiguel-spa.pdf
510,ProVene - Fundación Pro Bono Venezuela,http://lib.ohchr.org/HRBodies/UPR/Documents/session12/VE/ProVene-FundaciónProBonoVenezuela-spa.pdf
511,Radio Comunitaria,http://lib.ohchr.org/HRBodies/UPR/Documents/session12/VE/Radio%20Comunitaria-spa.pdf
512,Radio IB - Radio Integración Boliviana,http://lib.ohchr.org/HRBodies/UPR/Documents/session12/VE/Radio%20IB-RadioIntegraciónBoliviana-spa.pdf
513,RAJP - Red Apoyo Justicia Paz,http://lib.ohchr.org/HRBodies/UPR/Documents/session12/VE/RAJP-RedApoyoJusticiaPaz-spa.pdf
514,Red Consejos Comunales Comunidad Rodeo,http://lib.ohchr.org/HRBodies/UPR/Documents/session12/VE/Red%20Consejos%20Comunales%20Comunidad%20Rodeo-spa.pdf
515,RENACER - Asociación Discapacitados Renacer,http://lib.ohchr.org/HRBodies/UPR/Documents/session12/VE/RENACER-AsociaciónDiscapacitadosRenacer-spa.pdf
516,ROA - Red Organizaciones Afro Venezolanas,http://lib.ohchr.org/HRBodies/UPR/Documents/session12/VE/ROA-RedOrganizacionesAfroVenezolanas-spa.pdf
517,Rotary Club Valencia,http://lib.ohchr.org/HRBodies/UPR/Documents/session12/VE/Rotary%20Club%20Valencia-spa.pdf
518,RPHMM - Red Popular Humanitaria Misioneros Milagro,http://lib.ohchr.org/HRBodies/UPR/Documents/session12/VE/RPHMM-RedPopularHumanitariaMisionerosMilagro-spa.pdf
519,RRC - Red Radios Comunitarias,http://lib.ohchr.org/HRBodies/UPR/Documents/session12/VE/RRC-RedRadiosComunitarias-spa.pdf
520,RSF - Rapporteurs Sans Frontières,http://lib.ohchr.org/HRBodies/UPR/Documents/session12/VE/RSF-RapporteursSansFrontières-fr.pdf
521,RSH - Red Social Humanitaria El Salvador,http://lib.ohchr.org/HRBodies/UPR/Documents/session12/VE/RSH-RedSocialHumanitariaElSalvador-spa.pdf
522,Ruta Pacífica - Ruta Pacífica Mujeres,http://lib.ohchr.org/HRBodies/UPR/Documents/session12/VE/Ruta%20Pacífica-RutaPacíficaMujeres-spa.pdf
523,SAFCI - Salud Familiar Comunitaria Intercultural,http://lib.ohchr.org/HRBodies/UPR/Documents/session12/VE/SAFCI-SaludFamiliarComunitariaIntercultural-spa.pdf
524,Sala Batalla Arichuna,http://lib.ohchr.org/HRBodies/UPR/Documents/session12/VE/Sala%20Batalla%20Arichuna-spa.pdf
525,Sala Batalla Gustavo Pereira,http://lib.ohchr.org/HRBodies/UPR/Documents/session12/VE/Sala%20Batalla%20Gustavo%20Pereira-spa.pdf
526,Sala Batalla Negro Primero,http://lib.ohchr.org/HRBodies/UPR/Documents/session12/VE/Sala%20Batalla%20Negro%20Primero-spa.pdf
527,Sala Batalla Soc. Progreso Revolución,http://lib.ohchr.org/HRBodies/UPR/Documents/session12/VE/Sala%20Batalla%20Soc.%20Progreso%20Revolución-spa.pdf
528,Sala Batalla Social Argimiro Gavaldón,http://lib.ohchr.org/HRBodies/UPR/Documents/session12/VE/Sala%20Batalla%20Social%20Argimiro%20Gavaldón-spa.pdf
529,Sala Batalla Social Batalla Carabobo,http://lib.ohchr.org/HRBodies/UPR/Documents/session12/VE/Sala%20Batalla%20Social%20Batalla%20Carabobo-spa.pdf
530,Sala Batalla Social Cacique Paramoni,http://lib.ohchr.org/HRBodies/UPR/Documents/session12/VE/Sala%20Batalla%20Social%20Cacique%20Paramoni-spa.pdf
531,Sala Batalla Social Jose María España,http://lib.ohchr.org/HRBodies/UPR/Documents/session12/VE/Sala%20Batalla%20Social%20Jose%20María%20España-spa.pdf
532,Sala Batalla Social La Castrera,http://lib.ohchr.org/HRBodies/UPR/Documents/session12/VE/Sala%20Batalla%20Social%20La%20Castrera-spa.pdf
533,Sala Batalla Social Maisanta,http://lib.ohchr.org/HRBodies/UPR/Documents/session12/VE/Sala%20Batalla%20Social%20Maisanta-spa.pdf
534,Sala Batalla Social Noguera Centauro,http://lib.ohchr.org/HRBodies/UPR/Documents/session12/VE/Sala%20Batalla%20Social%20Noguera%20Centauro-spa.pdf
535,Sala Batalla Socialista Bravos Apure,http://lib.ohchr.org/HRBodies/UPR/Documents/session12/VE/Sala%20Batalla%20Socialista%20Bravos%20Apure-spa.pdf
536,Sala Batalla William Lara,http://lib.ohchr.org/HRBodies/UPR/Documents/session12/VE/Sala%20Batalla%20William%20Lara-spa.pdf
537,SCMF - Sociedad Cubana Medicina Familiar,http://lib.ohchr.org/HRBodies/UPR/Documents/session12/VE/SCMF-SociedadCubanaMedicinaFamiliar-spa.pdf
538,SCUII - Sociedad Civil Unión Indígena Inga,http://lib.ohchr.org/HRBodies/UPR/Documents/session12/VE/SCUII-SociedadCivilUniónIndígenaInga-spa.pdf
539,SEAP - Sociedad Económica Amigos País,http://lib.ohchr.org/HRBodies/UPR/Documents/session12/VE/SEAP-SociedadEconómicaAmigosPaís-spa.pdf
540,SINALTRAINAL - Sindicato Nacional Trabajadores Agroalimentario,http://lib.ohchr.org/HRBodies/UPR/Documents/session12/VE/SINALTRAINAL-SindicatoNacionalTrabajadoresAgroalimentario-spa.pdf
541,SINBOIUTY - Sindicato Bolivariano Obreros Iuty,http://lib.ohchr.org/HRBodies/UPR/Documents/session12/VE/SINBOIUTY-SindicatoBolivarianoObrerosIuty-spa.pdf
542,SINERGIA - Asociación Venezolana Organizaciones Sociedad Civil,http://lib.ohchr.org/HRBodies/UPR/Documents/session12/VE/SINERGIA-AsociaciónVenezolanaOrganizacionesSociedadCivil-spa.pdf
543,SINTRAHMR - Sindicato Trabajadores Salud,http://lib.ohchr.org/HRBodies/UPR/Documents/session12/VE/SINTRAHMR-SindicatoTrabajadoresSalud-spa.pdf
544,SITRAIGSA - Sindicato Trabajadores Industrializadora,http://lib.ohchr.org/HRBodies/UPR/Documents/session12/VE/SITRAIGSA-SindicatoTrabajadoresIndustrializadora-spa.pdf
545,STP - Society Threatened Peoples,http://lib.ohchr.org/HRBodies/UPR/Documents/session12/VE/STP-SocietyThreatenedPeoples-eng.pdf
546,TAMV - Tirem Maos Venezuela,http://lib.ohchr.org/HRBodies/UPR/Documents/session12/VE/TAMV-TiremMaosVenezuela-spa.pdf
547,Trans Africa,http://lib.ohchr.org/HRBodies/UPR/Documents/session12/VE/TransAfrica-eng.pdf
548,Transparencia,http://lib.ohchr.org/HRBodies/UPR/Documents/session12/VE/Transparencia-spa.pdf
549,TSCB - Trabajadores Sociales Comunitarios Bolivia,http://lib.ohchr.org/HRBodies/UPR/Documents/session12/VE/TSCB-TrabajadoresSocialesComunitariosBolivia-spa.pdf
550,UA - Unión Afirmativa,http://lib.ohchr.org/HRBodies/UPR/Documents/session12/VE/UA-UniónAfirmativa-spa.pdf
551,UCV - Universidad Central Venezuela,http://lib.ohchr.org/HRBodies/UPR/Documents/session12/VE/UCV-UniversidadCentralVenezuela-spa.pdf
552,UE - Universidad Extremadura,http://lib.ohchr.org/HRBodies/UPR/Documents/session12/VE/UE-UniversidadExtremadura-spa.pdf
553,UKAMAU - Productores Ecológicos,http://lib.ohchr.org/HRBodies/UPR/Documents/session12/VE/UKAMAU-ProductoresEcológicos-spa.pdf
554,Un Mundo sin Mordaza,http://lib.ohchr.org/HRBodies/UPR/Documents/session12/VE/Un%20Mundo%20sin%20Mordaza-spa.pdf
555,Una Ventana a la Libertad,http://lib.ohchr.org/HRBodies/UPR/Documents/session12/VE/Una%20Ventana%20a%20la%20Libertad-spa.pdf
556,UNEAC - Unión Escritores Artistas Cuba,http://lib.ohchr.org/HRBodies/UPR/Documents/session12/VE/UNEAC-UniónEscritoresArtistasCuba-spa.pdf
557,UNJC - Unión Nacional Juristas Cuba,http://lib.ohchr.org/HRBodies/UPR/Documents/session12/VE/UNJC-UniónNacionalJuristasCuba-spa.pdf
558,UPEC - Unión Periodista Cuba,http://lib.ohchr.org/HRBodies/UPR/Documents/session12/VE/UPEC-UniónPeriodistaCuba-spa.pdf
559,UPIAI - Universidad Popular Igualitaria,http://lib.ohchr.org/HRBodies/UPR/Documents/session12/VE/UPIAI-UniversidadPopularIgualitaria-spa.pdf
560,USOIP - Unión Sindical Obrera Industria Petróleo,http://lib.ohchr.org/HRBodies/UPR/Documents/session12/VE/USOIP-UniónSindicalObreraIndustriaPetróleo-spa.pdf
561,USW - United Steel workers,http://lib.ohchr.org/HRBodies/UPR/Documents/session12/VE/USW-UnitedSteelworkers-eng.pdf
562,VA - Venezuela Analysis Inc,http://lib.ohchr.org/HRBodies/UPR/Documents/session12/VE/VA-VenezuelaAnalysisInc-eng.pdf
563,VAF - Venezuela Awareness Foundation,http://lib.ohchr.org/HRBodies/UPR/Documents/session12/VE/VAF-VenezuelaAwarenessFoundation-spa.pdf
564,VEDHAC - Vicaría Episcopal,http://lib.ohchr.org/HRBodies/UPR/Documents/session12/VE/VEDHAC-VicaríaEpiscopal-spa.pdf
565,Venezuela Diversa,http://lib.ohchr.org/HRBodies/UPR/Documents/session12/VE/Venezuela%20Diversa-spa.pdf
566,VKM - Valley Kingdom Ministries,http://lib.ohchr.org/HRBodies/UPR/Documents/session12/VE/VKM-ValleyKingdomMinistries-eng.pdf
567,VMTA - Vocera Mesas Técnicas Aguas,http://lib.ohchr.org/HRBodies/UPR/Documents/session12/VE/VMTA-VoceraMesasTécnicasAguas-spa.pdf
568,Warao Descendants,http://lib.ohchr.org/HRBodies/UPR/Documents/session12/VE/Warao%20Descendants-eng.pdf
569,Wayrurus - Organización Cultural Wayrurus,http://lib.ohchr.org/HRBodies/UPR/Documents/session12/VE/Wayrurus-OrganizaciónCulturalWayrurus-spa.pdf
570,WWP - Women With Power,http://lib.ohchr.org/HRBodies/UPR/Documents/session12/VE/WWP-WomenWithPower-eng.pdf
